timestamp,value,label
1396310400.0,19.761251,0
1396310700.0,20.500834,0
1396311000.0,19.961641,0
1396311300.0,21.490267,0
1396311600.0,20.18774,0
1396311900.0,19.923126,0
1396312200.0,21.698404,0
1396312500.0,20.878757,0
1396312800.0,18.4462,0
1396313100.0,18.710817,0
1396313400.0,21.14849,0
1396313700.0,21.343405,0
1396314000.0,20.180763,0
1396314300.0,20.217821,0
1396314600.0,20.52773,0
1396314900.0,19.756464,0
1396315200.0,20.720797,0
1396315500.0,18.433926,0
1396315800.0,21.845118,0
1396316100.0,21.00062,0
1396316400.0,20.524696,0
1396316700.0,19.265287,0
1396317000.0,18.643822,0
1396317300.0,19.637371,0
1396317600.0,20.646307,0
1396317900.0,20.53484,0
1396318200.0,19.530565,0
1396318500.0,20.453146,0
1396318800.0,21.254993,0
1396319100.0,18.105139,0
1396319400.0,19.802485,0
1396319700.0,21.034222,0
1396320000.0,20.184578,0
1396320300.0,20.605904,0
1396320600.0,20.066706,0
1396320900.0,21.967499,0
1396321200.0,18.218487,0
1396321500.0,19.96418,0
1396321800.0,18.365665,0
1396322100.0,18.639143,0
1396322400.0,19.532154,0
1396322700.0,18.62216,0
1396323000.0,21.854748,0
1396323300.0,21.787159,0
1396323600.0,19.344439,0
1396323900.0,20.55899,0
1396324200.0,20.135014,0
1396324500.0,21.262348,0
1396324800.0,20.509783,0
1396325100.0,18.001009,0
1396325400.0,21.052698,0
1396325700.0,20.987392,0
1396326000.0,20.03889,0
1396326300.0,21.611675,0
1396326600.0,21.633785,0
1396326900.0,20.095646,0
1396327200.0,20.431953,0
1396327500.0,21.986088,0
1396327800.0,19.19528,0
1396328100.0,19.29847,0
1396328400.0,18.731096,0
1396328700.0,21.583467,0
1396329000.0,20.977953,0
1396329300.0,18.422571,0
1396329600.0,21.927069,0
1396329900.0,20.923847,0
1396330200.0,21.402088,0
1396330500.0,18.192604,0
1396330800.0,20.019844,0
1396331100.0,20.794394,0
1396331400.0,20.171787,0
1396331700.0,20.66659,0
1396332000.0,21.271496,0
1396332300.0,19.497349,0
1396332600.0,21.394674,0
1396332900.0,18.651665,0
1396333200.0,19.083544,0
1396333500.0,18.173382,0
1396333800.0,19.457706,0
1396334100.0,19.519638,0
1396334400.0,21.221083,0
1396334700.0,20.612522,0
1396335000.0,19.746891,0
1396335300.0,20.608456,0
1396335600.0,18.211134,0
1396335900.0,18.721087,0
1396336200.0,20.507792,0
1396336500.0,20.565468,0
1396336800.0,21.096539,0
1396337100.0,19.612,0
1396337400.0,20.890217,0
1396337700.0,20.735922,0
1396338000.0,21.853573,0
1396338300.0,18.860521,0
1396338600.0,20.206718,0
1396338900.0,20.407059,0
1396339200.0,21.99459,0
1396339500.0,18.804737,0
1396339800.0,20.092873,0
1396340100.0,19.38474,0
1396340400.0,20.10357,0
1396340700.0,18.928514,0
1396341000.0,18.190449,0
1396341300.0,20.290262,0
1396341600.0,19.343418,0
1396341900.0,18.727766,0
1396342200.0,19.295742,0
1396342500.0,18.19712,0
1396342800.0,74.126015,0
1396343100.0,69.103615,0
1396343400.0,72.28085,0
1396343700.0,66.95441,0
1396344000.0,73.48508,0
1396344300.0,67.773125,0
1396344600.0,69.00565,0
1396344900.0,67.8884,0
1396345200.0,71.172585,0
1396345500.0,68.906525,0
1396345800.0,64.893745,0
1396346100.0,63.179337,0
1396346400.0,79.24705,0
1396346700.0,77.432076,0
1396347000.0,71.329544,0
1396347300.0,75.97998,0
1396347600.0,77.82933,0
1396347900.0,82.673386,0
1396348200.0,71.02109,0
1396348500.0,75.24865,0
1396348800.0,82.60762,0
1396349100.0,79.90354,0
1396349400.0,74.34016,0
1396349700.0,82.9596,0
1396350000.0,79.41334,0
1396350300.0,79.49379,0
1396350600.0,87.09965,0
1396350900.0,86.63094,0
1396351200.0,77.2701,0
1396351500.0,73.80377,0
1396351800.0,76.747406,0
1396352100.0,72.0528,0
1396352400.0,71.89829,0
1396352700.0,77.85838,0
1396353000.0,86.53398,0
1396353300.0,85.42606,0
1396353600.0,80.08687,0
1396353900.0,80.94637,0
1396354200.0,72.00842,0
1396354500.0,75.35748,0
1396354800.0,72.30951,0
1396355100.0,83.97175,0
1396355400.0,74.241135,0
1396355700.0,85.80167,0
1396356000.0,82.194435,0
1396356300.0,75.579895,0
1396356600.0,74.4341,0
1396356900.0,81.94354,0
1396357200.0,86.392654,0
1396357500.0,83.473724,0
1396357800.0,77.55813,0
1396358100.0,81.3786,0
1396358400.0,76.95371,0
1396358700.0,87.96528,0
1396359000.0,83.96127,0
1396359300.0,81.81047,0
1396359600.0,78.75324,0
1396359900.0,81.87078,0
1396360200.0,77.447266,0
1396360500.0,72.44445,0
1396360800.0,78.31766,0
1396361100.0,86.88352,0
1396361400.0,82.016884,0
1396361700.0,73.33977,0
1396362000.0,86.15576,0
1396362300.0,76.29833,0
1396362600.0,75.89667,0
1396362900.0,76.74977,0
1396363200.0,81.23134,0
1396363500.0,80.711136,0
1396363800.0,79.85879,0
1396364100.0,83.476585,0
1396364400.0,77.063866,0
1396364700.0,84.51222,0
1396365000.0,74.80443,0
1396365300.0,84.52112,0
1396365600.0,82.62017,0
1396365900.0,82.930534,0
1396366200.0,79.70409,0
1396366500.0,82.671234,0
1396366800.0,73.27605,0
1396367100.0,85.62399,0
1396367400.0,72.888054,0
1396367700.0,74.37915,0
1396368000.0,81.22848,0
1396368300.0,83.83042,0
1396368600.0,73.21989,0
1396368900.0,86.73207,0
1396369200.0,87.57755,0
1396369500.0,81.695045,0
1396369800.0,79.699745,0
1396370100.0,83.86216,0
1396370400.0,77.25357,0
1396370700.0,79.892075,0
1396371000.0,86.65825,0
1396371300.0,87.29032,0
1396371600.0,86.83307,0
1396371900.0,76.19914,0
1396372200.0,75.719475,0
1396372500.0,76.7626,0
1396372800.0,79.06095,0
1396373100.0,77.02665,0
1396373400.0,77.98737,0
1396373700.0,81.93016,0
1396374000.0,84.20038,0
1396374300.0,83.7689,0
1396374600.0,85.03075,0
1396374900.0,72.51492,0
1396375200.0,29.10549,0
1396375500.0,33.852043,0
1396375800.0,32.211697,0
1396376100.0,32.500095,0
1396376400.0,29.13655,0
1396376700.0,30.434002,0
1396377000.0,32.88546,0
1396377300.0,34.298756,0
1396377600.0,34.668686,0
1396377900.0,32.002678,0
1396378200.0,32.291027,0
1396378500.0,34.13151,0
1396378800.0,22.568558,0
1396379100.0,22.475525,0
1396379400.0,24.214775,0
1396379700.0,23.698896,0
1396380000.0,24.232643,0
1396380300.0,21.137745,0
1396380600.0,22.509201,0
1396380900.0,23.934275,0
1396381200.0,20.657942,0
1396381500.0,23.720085,0
1396381800.0,20.97972,0
1396382100.0,23.78037,0
1396382400.0,20.938755,0
1396382700.0,19.223494,0
1396383000.0,20.37086,0
1396383300.0,21.225082,0
1396383600.0,21.028261,0
1396383900.0,20.182005,0
1396384200.0,22.115805,0
1396384500.0,20.558903,0
1396384800.0,20.504032,0
1396385100.0,18.686977,0
1396385400.0,22.209005,0
1396385700.0,19.157469,0
1396386000.0,20.209923,0
1396386300.0,21.3161,0
1396386600.0,18.95235,0
1396386900.0,20.206018,0
1396387200.0,19.05376,0
1396387500.0,21.139767,0
1396387800.0,20.3546,0
1396388100.0,21.526737,0
1396388400.0,21.681807,0
1396388700.0,20.69379,0
1396389000.0,21.001892,0
1396389300.0,20.293825,0
1396389600.0,19.55647,0
1396389900.0,20.61224,0
1396390200.0,21.653923,0
1396390500.0,19.685602,0
1396390800.0,19.276127,0
1396391100.0,19.57252,0
1396391400.0,19.760542,0
1396391700.0,18.311806,0
1396392000.0,20.01296,0
1396392300.0,19.996435,0
1396392600.0,20.373316,0
1396392900.0,19.469954,0
1396393200.0,20.456358,0
1396393500.0,21.516996,0
1396393800.0,21.826075,0
1396394100.0,20.338352,0
1396394400.0,18.173853,0
1396394700.0,21.881144,0
1396395000.0,20.827446,0
1396395300.0,19.347569,0
1396395600.0,18.5922,0
1396395900.0,18.57724,0
1396396200.0,18.674562,0
1396396500.0,18.185781,0
1396396800.0,21.608616,0
1396397100.0,20.163073,0
1396397400.0,20.799837,0
1396397700.0,21.312433,0
1396398000.0,21.166164,0
1396398300.0,21.530422,0
1396398600.0,21.869019,0
1396398900.0,19.756283,0
1396399200.0,21.801342,0
1396399500.0,20.89316,0
1396399800.0,18.282673,0
1396400100.0,20.727133,0
1396400400.0,20.746866,0
1396400700.0,21.623442,0
1396401000.0,19.491728,0
1396401300.0,20.339645,0
1396401600.0,18.04875,0
1396401900.0,19.3283,0
1396402200.0,18.248976,0
1396402500.0,20.087492,0
1396402800.0,21.26979,0
1396403100.0,18.825771,0
1396403400.0,20.109764,0
1396403700.0,18.816034,0
1396404000.0,18.482754,0
1396404300.0,20.043987,0
1396404600.0,18.316595,0
1396404900.0,20.349419,0
1396405200.0,18.125349,0
1396405500.0,18.42686,0
1396405800.0,20.19999,0
1396406100.0,20.36563,0
1396406400.0,18.115948,0
1396406700.0,20.293507,0
1396407000.0,21.35401,0
1396407300.0,20.889265,0
1396407600.0,18.52474,0
1396407900.0,20.369898,0
1396408200.0,20.68901,0
1396408500.0,18.148924,0
1396408800.0,21.42139,0
1396409100.0,21.625069,0
1396409400.0,21.40181,0
1396409700.0,21.298527,0
1396410000.0,20.97986,0
1396410300.0,20.533728,0
1396410600.0,20.714508,0
1396410900.0,21.225582,0
1396411200.0,20.649994,0
1396411500.0,19.310907,0
1396411800.0,19.503845,0
1396412100.0,21.58823,0
1396412400.0,18.06849,0
1396412700.0,20.795282,0
1396413000.0,21.81911,0
1396413300.0,20.824913,0
1396413600.0,21.975649,0
1396413900.0,20.75018,0
1396414200.0,18.137451,0
1396414500.0,21.308039,0
1396414800.0,19.13852,0
1396415100.0,19.78423,0
1396415400.0,19.248367,0
1396415700.0,19.074217,0
1396416000.0,19.725622,0
1396416300.0,19.515005,0
1396416600.0,20.533354,0
1396416900.0,21.252605,0
1396417200.0,19.188354,0
1396417500.0,18.854885,0
1396417800.0,20.667582,0
1396418100.0,20.68128,0
1396418400.0,21.604525,0
1396418700.0,18.063784,0
1396419000.0,21.412163,0
1396419300.0,20.08401,0
1396419600.0,20.485209,0
1396419900.0,18.365486,0
1396420200.0,19.73046,0
1396420500.0,18.90921,0
1396420800.0,19.016901,0
1396421100.0,20.01638,0
1396421400.0,21.249825,0
1396421700.0,20.975124,0
1396422000.0,20.364,0
1396422300.0,20.157673,0
1396422600.0,19.709225,0
1396422900.0,21.89084,0
1396423200.0,20.24077,0
1396423500.0,19.015865,0
1396423800.0,18.920362,0
1396424100.0,20.445412,0
1396424400.0,20.09131,0
1396424700.0,18.03079,0
1396425000.0,21.320261,0
1396425300.0,20.81649,0
1396425600.0,20.647318,0
1396425900.0,18.275122,0
1396426200.0,19.448223,0
1396426500.0,21.74153,0
1396426800.0,21.450357,0
1396427100.0,19.142172,0
1396427400.0,18.628235,0
1396427700.0,19.796352,0
1396428000.0,19.42332,0
1396428300.0,20.728905,0
1396428600.0,21.86574,0
1396428900.0,19.452005,0
1396429200.0,62.04625,0
1396429500.0,73.40755,0
1396429800.0,61.716118,0
1396430100.0,74.157616,0
1396430400.0,70.23828,0
1396430700.0,74.00697,0
1396431000.0,63.91537,0
1396431300.0,61.753517,0
1396431600.0,67.83965,0
1396431900.0,67.328476,0
1396432200.0,65.7083,0
1396432500.0,74.22413,0
1396432800.0,82.6065,0
1396433100.0,80.10775,0
1396433400.0,72.36756,0
1396433700.0,81.2367,0
1396434000.0,81.12323,0
1396434300.0,76.43706,0
1396434600.0,84.19268,0
1396434900.0,72.431496,0
1396435200.0,73.98908,0
1396435500.0,70.82124,0
1396435800.0,82.1854,0
1396436100.0,79.48971,0
1396436400.0,76.57681,0
1396436700.0,74.173294,0
1396437000.0,72.20651,0
1396437300.0,74.219925,0
1396437600.0,78.77704,0
1396437900.0,75.4991,0
1396438200.0,75.68685,0
1396438500.0,85.493164,0
1396438800.0,79.76075,0
1396439100.0,83.16602,0
1396439400.0,72.13595,0
1396439700.0,77.37556,0
1396440000.0,79.571106,0
1396440300.0,74.89269,0
1396440600.0,73.83436,0
1396440900.0,85.82175,0
1396441200.0,86.92647,0
1396441500.0,73.173,0
1396441800.0,77.491196,0
1396442100.0,87.22777,0
1396442400.0,73.24259,0
1396442700.0,82.1995,0
1396443000.0,87.45048,0
1396443300.0,87.546394,0
1396443600.0,79.520485,0
1396443900.0,74.58608,0
1396444200.0,75.215294,0
1396444500.0,86.21293,0
1396444800.0,86.56615,0
1396445100.0,81.70646,0
1396445400.0,84.2386,0
1396445700.0,83.81878,0
1396446000.0,82.56932,0
1396446300.0,85.21597,0
1396446600.0,82.946594,0
1396446900.0,80.524704,0
1396447200.0,75.78767,0
1396447500.0,83.898186,0
1396447800.0,79.57119,0
1396448100.0,76.71298,0
1396448400.0,84.82707,0
1396448700.0,83.143425,0
1396449000.0,86.993256,0
1396449300.0,74.643486,0
1396449600.0,82.38307,0
1396449900.0,75.90419,0
1396450200.0,86.45318,0
1396450500.0,73.588455,0
1396450800.0,82.497795,0
1396451100.0,84.656555,0
1396451400.0,77.67794,0
1396451700.0,87.26537,0
1396452000.0,85.61087,0
1396452300.0,76.71316,0
1396452600.0,72.119965,0
1396452900.0,76.74578,0
1396453200.0,76.50024,0
1396453500.0,86.23861,0
1396453800.0,87.4731,0
1396454100.0,73.126335,0
1396454400.0,79.540565,0
1396454700.0,80.773155,0
1396455000.0,73.48644,0
1396455300.0,78.03981,0
1396455600.0,77.07317,0
1396455900.0,80.576744,0
1396456200.0,82.578896,0
1396456500.0,83.2556,0
1396456800.0,74.187935,0
1396457100.0,85.007,0
1396457400.0,82.856514,0
1396457700.0,86.22504,0
1396458000.0,79.18935,0
1396458300.0,86.3022,0
1396458600.0,85.852356,0
1396458900.0,79.01452,0
1396459200.0,78.09827,0
1396459500.0,86.92496,0
1396459800.0,83.442604,0
1396460100.0,86.85189,0
1396460400.0,84.751564,0
1396460700.0,81.748726,0
1396461000.0,73.853615,0
1396461300.0,76.66366,0
1396461600.0,35.000584,0
1396461900.0,30.844296,0
1396462200.0,29.396826,0
1396462500.0,33.328335,0
1396462800.0,33.49762,0
1396463100.0,30.626923,0
1396463400.0,30.705095,0
1396463700.0,31.800909,0
1396464000.0,28.939444,0
1396464300.0,33.85166,0
1396464600.0,30.829363,0
1396464900.0,34.264076,0
1396465200.0,23.755783,0
1396465500.0,23.12308,0
1396465800.0,21.615438,0
1396466100.0,22.473097,0
1396466400.0,22.152834,0
1396466700.0,21.67819,0
1396467000.0,23.95965,0
1396467300.0,22.32611,0
1396467600.0,23.890598,0
1396467900.0,20.631378,0
1396468200.0,20.79179,0
1396468500.0,24.538393,0
1396468800.0,20.839499,0
1396469100.0,20.520016,0
1396469400.0,20.574846,0
1396469700.0,19.31374,0
1396470000.0,21.37581,0
1396470300.0,18.77926,0
1396470600.0,20.780334,0
1396470900.0,20.769869,0
1396471200.0,22.176516,0
1396471500.0,20.587244,0
1396471800.0,18.993408,0
1396472100.0,20.777998,0
1396472400.0,18.453465,0
1396472700.0,18.905489,0
1396473000.0,18.211432,0
1396473300.0,20.14943,0
1396473600.0,18.426153,0
1396473900.0,19.97299,0
1396474200.0,21.836092,0
1396474500.0,20.979265,0
1396474800.0,18.397533,0
1396475100.0,18.987543,0
1396475400.0,20.793983,0
1396475700.0,21.682386,0
1396476000.0,18.14908,0
1396476300.0,21.270205,0
1396476600.0,20.266693,0
1396476900.0,20.203743,0
1396477200.0,21.852211,0
1396477500.0,21.010729,0
1396477800.0,21.42102,0
1396478100.0,19.434622,0
1396478400.0,20.236864,0
1396478700.0,20.481266,0
1396479000.0,19.304852,0
1396479300.0,20.300463,0
1396479600.0,18.95026,0
1396479900.0,18.577068,0
1396480200.0,19.499624,0
1396480500.0,20.961182,0
1396480800.0,21.66891,0
1396481100.0,19.834663,0
1396481400.0,20.575245,0
1396481700.0,18.415684,0
1396482000.0,21.622005,0
1396482300.0,20.278309,0
1396482600.0,21.125408,0
1396482900.0,21.181831,0
1396483200.0,19.025923,0
1396483500.0,20.116697,0
1396483800.0,21.841919,0
1396484100.0,18.358538,0
1396484400.0,20.732199,0
1396484700.0,21.849056,0
1396485000.0,19.202309,0
1396485300.0,21.445791,0
1396485600.0,21.73463,0
1396485900.0,20.988344,0
1396486200.0,18.925314,0
1396486500.0,19.336002,0
1396486800.0,18.143238,0
1396487100.0,21.325813,0
1396487400.0,21.398445,0
1396487700.0,20.530842,0
1396488000.0,19.41011,0
1396488300.0,18.307243,0
1396488600.0,21.01223,0
1396488900.0,20.906105,0
1396489200.0,21.65041,0
1396489500.0,20.922129,0
1396489800.0,21.31478,0
1396490100.0,20.983818,0
1396490400.0,20.522749,0
1396490700.0,19.707865,0
1396491000.0,21.608469,0
1396491300.0,20.603874,0
1396491600.0,19.593422,0
1396491900.0,18.333878,0
1396492200.0,19.162819,0
1396492500.0,20.174908,0
1396492800.0,19.102541,0
1396493100.0,18.884941,0
1396493400.0,20.109573,0
1396493700.0,18.679281,0
1396494000.0,21.201641,0
1396494300.0,19.937473,0
1396494600.0,20.29545,0
1396494900.0,18.589533,0
1396495200.0,19.298306,0
1396495500.0,19.640358,0
1396495800.0,21.232851,0
1396496100.0,21.080639,0
1396496400.0,18.89191,0
1396496700.0,20.464716,0
1396497000.0,18.973825,0
1396497300.0,21.952988,0
1396497600.0,21.808495,0
1396497900.0,20.25306,0
1396498200.0,20.79561,0
1396498500.0,21.20572,0
1396498800.0,20.883993,0
1396499100.0,20.799314,0
1396499400.0,21.834215,0
1396499700.0,20.385824,0
1396500000.0,20.54521,0
1396500300.0,21.397076,0
1396500600.0,20.679564,0
1396500900.0,20.93173,0
1396501200.0,18.936674,0
1396501500.0,19.485067,0
1396501800.0,18.589205,0
1396502100.0,20.023062,0
1396502400.0,19.82291,0
1396502700.0,21.988651,0
1396503000.0,20.444834,0
1396503300.0,21.145779,0
1396503600.0,19.33606,0
1396503900.0,21.326181,0
1396504200.0,20.46034,0
1396504500.0,20.78797,0
1396504800.0,19.177723,0
1396505100.0,20.194553,0
1396505400.0,20.536148,0
1396505700.0,20.356379,0
1396506000.0,21.660774,0
1396506300.0,21.59309,0
1396506600.0,21.883936,0
1396506900.0,20.669712,0
1396507200.0,21.887657,0
1396507500.0,21.329912,0
1396507800.0,19.083328,0
1396508100.0,19.709743,0
1396508400.0,18.95357,0
1396508700.0,18.016788,0
1396509000.0,18.752195,0
1396509300.0,18.016243,0
1396509600.0,20.879354,0
1396509900.0,19.702137,0
1396510200.0,19.2503,0
1396510500.0,21.046883,0
1396510800.0,21.329947,0
1396511100.0,21.901197,0
1396511400.0,20.568054,0
1396511700.0,19.846115,0
1396512000.0,19.221058,0
1396512300.0,18.889273,0
1396512600.0,18.851704,0
1396512900.0,19.636757,0
1396513200.0,21.967146,0
1396513500.0,18.003414,0
1396513800.0,18.788824,0
1396514100.0,18.753572,0
1396514400.0,20.868479,0
1396514700.0,19.409939,0
1396515000.0,19.829042,0
1396515300.0,18.594496,0
1396515600.0,66.70796,0
1396515900.0,62.603516,0
1396516200.0,68.44939,0
1396516500.0,62.531963,0
1396516800.0,71.95091,0
1396517100.0,68.905785,0
1396517400.0,71.04596,0
1396517700.0,66.89182,0
1396518000.0,66.38828,0
1396518300.0,62.53564,0
1396518600.0,68.32444,0
1396518900.0,68.19723,0
1396519200.0,77.10494,0
1396519500.0,81.33285,0
1396519800.0,82.76047,0
1396520100.0,81.492256,0
1396520400.0,72.0728,0
1396520700.0,79.49436,0
1396521000.0,71.08662,0
1396521300.0,80.62054,0
1396521600.0,75.76614,0
1396521900.0,71.896385,0
1396522200.0,83.21903,0
1396522500.0,79.36941,0
1396522800.0,77.20955,0
1396523100.0,72.05669,0
1396523400.0,80.11338,0
1396523700.0,86.250984,0
1396524000.0,81.052826,0
1396524300.0,87.02113,0
1396524600.0,73.73812,0
1396524900.0,80.60632,0
1396525200.0,84.26138,0
1396525500.0,79.9262,0
1396525800.0,73.01632,0
1396526100.0,80.83822,0
1396526400.0,81.68966,0
1396526700.0,83.55896,0
1396527000.0,84.07837,0
1396527300.0,84.23116,0
1396527600.0,82.515976,0
1396527900.0,75.362434,0
1396528200.0,78.37361,0
1396528500.0,84.31678,0
1396528800.0,87.15012,0
1396529100.0,73.17523,0
1396529400.0,80.4719,0
1396529700.0,76.90796,0
1396530000.0,75.58816,0
1396530300.0,80.073746,0
1396530600.0,81.67782,0
1396530900.0,72.13904,0
1396531200.0,84.46303,0
1396531500.0,85.09769,0
1396531800.0,87.427185,0
1396532100.0,74.87233,0
1396532400.0,81.49328,0
1396532700.0,78.80709,0
1396533000.0,77.33868,0
1396533300.0,81.030685,0
1396533600.0,84.51408,0
1396533900.0,72.36537,0
1396534200.0,87.5062,0
1396534500.0,84.954025,0
1396534800.0,84.01443,0
1396535100.0,84.162155,0
1396535400.0,78.221214,0
1396535700.0,84.0219,0
1396536000.0,78.18457,0
1396536300.0,86.37516,0
1396536600.0,74.83196,0
1396536900.0,76.67388,0
1396537200.0,80.820625,0
1396537500.0,77.106636,0
1396537800.0,78.78704,0
1396538100.0,79.878,0
1396538400.0,85.70083,0
1396538700.0,80.37031,0
1396539000.0,77.798615,0
1396539300.0,75.96305,0
1396539600.0,78.53806,0
1396539900.0,80.25101,0
1396540200.0,83.937035,0
1396540500.0,73.93607,0
1396540800.0,75.5456,0
1396541100.0,78.07432,0
1396541400.0,77.76623,0
1396541700.0,78.26782,0
1396542000.0,84.696175,0
1396542300.0,77.186325,0
1396542600.0,80.03022,0
1396542900.0,81.98235,0
1396543200.0,75.714714,0
1396543500.0,83.49896,0
1396543800.0,80.753624,0
1396544100.0,79.148346,0
1396544400.0,84.95651,0
1396544700.0,75.8959,0
1396545000.0,86.13078,0
1396545300.0,80.976746,0
1396545600.0,81.746765,0
1396545900.0,86.00091,0
1396546200.0,85.08129,0
1396546500.0,81.62496,0
1396546800.0,84.05097,0
1396547100.0,78.93308,0
1396547400.0,80.75801,0
1396547700.0,72.993095,0
1396548000.0,29.375086,0
1396548300.0,34.108315,0
1396548600.0,29.181892,0
1396548900.0,29.88415,0
1396549200.0,33.893322,0
1396549500.0,28.80733,0
1396549800.0,30.607382,0
1396550100.0,32.53784,0
1396550400.0,32.610874,0
1396550700.0,33.773773,0
1396551000.0,32.03792,0
1396551300.0,32.060165,0
1396551600.0,23.40939,0
1396551900.0,22.393837,0
1396552200.0,22.88604,0
1396552500.0,24.182026,0
1396552800.0,21.9585,0
1396553100.0,21.885359,0
1396553400.0,20.175898,0
1396553700.0,22.908148,0
1396554000.0,20.293377,0
1396554300.0,22.418585,0
1396554600.0,23.762966,0
1396554900.0,22.623646,0
1396555200.0,19.53643,0
1396555500.0,21.652145,0
1396555800.0,19.53676,0
1396556100.0,21.434498,0
1396556400.0,20.931618,0
1396556700.0,19.128305,0
1396557000.0,22.139427,0
1396557300.0,19.253836,0
1396557600.0,22.485348,0
1396557900.0,18.461943,0
1396558200.0,19.511229,0
1396558500.0,19.250628,0
1396558800.0,18.142643,0
1396559100.0,21.029934,0
1396559400.0,20.873417,0
1396559700.0,21.271017,0
1396560000.0,19.118122,0
1396560300.0,19.872272,0
1396560600.0,20.73551,0
1396560900.0,19.853918,0
1396561200.0,20.889091,0
1396561500.0,20.634466,0
1396561800.0,18.547192,0
1396562100.0,21.225569,0
1396562400.0,20.902752,0
1396562700.0,20.643135,0
1396563000.0,18.63825,0
1396563300.0,19.090296,0
1396563600.0,19.591497,0
1396563900.0,19.138073,0
1396564200.0,18.929396,0
1396564500.0,21.241804,0
1396564800.0,20.57266,0
1396565100.0,20.28134,0
1396565400.0,18.921959,0
1396565700.0,21.693111,0
1396566000.0,18.768335,0
1396566300.0,21.18387,0
1396566600.0,21.87089,0
1396566900.0,20.912386,0
1396567200.0,21.975653,0
1396567500.0,20.60816,0
1396567800.0,18.873465,0
1396568100.0,18.81889,0
1396568400.0,19.301962,0
1396568700.0,18.031982,0
1396569000.0,20.730774,0
1396569300.0,19.078333,0
1396569600.0,21.260733,0
1396569900.0,19.436691,0
1396570200.0,19.919827,0
1396570500.0,21.862755,0
1396570800.0,18.968689,0
1396571100.0,20.885015,0
1396571400.0,21.020472,0
1396571700.0,18.883993,0
1396572000.0,20.003988,0
1396572300.0,19.400808,0
1396572600.0,21.087626,0
1396572900.0,20.489933,0
1396573200.0,19.903933,0
1396573500.0,21.117453,0
1396573800.0,18.940622,0
1396574100.0,21.014488,0
1396574400.0,21.461496,0
1396574700.0,21.514486,0
1396575000.0,21.134695,0
1396575300.0,19.632057,0
1396575600.0,21.927233,0
1396575900.0,19.518375,0
1396576200.0,20.554502,0
1396576500.0,18.644297,0
1396576800.0,21.921795,0
1396577100.0,20.815943,0
1396577400.0,21.01351,0
1396577700.0,18.263107,0
1396578000.0,21.05367,0
1396578300.0,21.098894,0
1396578600.0,20.687092,0
1396578900.0,19.167639,0
1396579200.0,19.95876,0
1396579500.0,18.441738,0
1396579800.0,19.886349,0
1396580100.0,18.975296,0
1396580400.0,19.396387,0
1396580700.0,18.650402,0
1396581000.0,18.920218,0
1396581300.0,18.306274,0
1396581600.0,21.679605,0
1396581900.0,20.121643,0
1396582200.0,19.586967,0
1396582500.0,20.140118,0
1396582800.0,20.513172,0
1396583100.0,21.687515,0
1396583400.0,18.714771,0
1396583700.0,19.18221,0
1396584000.0,21.903158,0
1396584300.0,19.484772,0
1396584600.0,18.090246,0
1396584900.0,18.590574,0
1396585200.0,18.105354,0
1396585500.0,21.959692,0
1396585800.0,19.115484,0
1396586100.0,21.694172,0
1396586400.0,21.983545,0
1396586700.0,20.399364,0
1396587000.0,18.132786,0
1396587300.0,18.326366,0
1396587600.0,19.926355,0
1396587900.0,19.624687,0
1396588200.0,20.42471,0
1396588500.0,19.755392,0
1396588800.0,21.736307,0
1396589100.0,20.138958,0
1396589400.0,20.774904,0
1396589700.0,21.585941,0
1396590000.0,18.587488,0
1396590300.0,18.918938,0
1396590600.0,18.429276,0
1396590900.0,18.558554,0
1396591200.0,20.050335,0
1396591500.0,19.284718,0
1396591800.0,19.692692,0
1396592100.0,21.92996,0
1396592400.0,18.626818,0
1396592700.0,20.163248,0
1396593000.0,18.395485,0
1396593300.0,19.273985,0
1396593600.0,20.110104,0
1396593900.0,21.786528,0
1396594200.0,19.564913,0
1396594500.0,18.259626,0
1396594800.0,19.552647,0
1396595100.0,18.582964,0
1396595400.0,18.919958,0
1396595700.0,20.472363,0
1396596000.0,18.269695,0
1396596300.0,19.858894,0
1396596600.0,20.437847,0
1396596900.0,19.687433,0
1396597200.0,18.076506,0
1396597500.0,21.942078,0
1396597800.0,19.468464,0
1396598100.0,21.11431,0
1396598400.0,19.302586,0
1396598700.0,19.900066,0
1396599000.0,19.553854,0
1396599300.0,19.370157,0
1396599600.0,18.087406,0
1396599900.0,19.440084,0
1396600200.0,21.55796,0
1396600500.0,20.761574,0
1396600800.0,18.581692,0
1396601100.0,20.36462,0
1396601400.0,21.568924,0
1396601700.0,20.800137,0
1396602000.0,63.222107,0
1396602300.0,73.002525,0
1396602600.0,65.300995,0
1396602900.0,67.375435,0
1396603200.0,68.355545,0
1396603500.0,72.76689,0
1396603800.0,73.869865,0
1396604100.0,73.84328,0
1396604400.0,61.308178,0
1396604700.0,73.737686,0
1396605000.0,61.939663,0
1396605300.0,64.81452,0
1396605600.0,77.83261,0
1396605900.0,77.288445,0
1396606200.0,79.2251,0
1396606500.0,77.281006,0
1396606800.0,84.34151,0
1396607100.0,73.57332,0
1396607400.0,74.092865,0
1396607700.0,84.12985,0
1396608000.0,71.031,0
1396608300.0,79.300385,0
1396608600.0,80.42054,0
1396608900.0,77.686005,0
1396609200.0,82.60906,0
1396609500.0,74.31549,0
1396609800.0,85.128265,0
1396610100.0,73.79497,0
1396610400.0,77.94252,0
1396610700.0,72.7649,0
1396611000.0,80.23904,0
1396611300.0,82.219635,0
1396611600.0,86.537186,0
1396611900.0,83.3264,0
1396612200.0,80.1737,0
1396612500.0,86.400345,0
1396612800.0,79.5594,0
1396613100.0,80.88212,0
1396613400.0,81.43973,0
1396613700.0,78.4654,0
1396614000.0,85.313225,0
1396614300.0,74.872856,0
1396614600.0,80.78042,0
1396614900.0,83.45547,0
1396615200.0,86.35986,0
1396615500.0,86.03932,0
1396615800.0,80.04368,0
1396616100.0,82.19183,0
1396616400.0,78.28901,0
1396616700.0,79.47176,0
1396617000.0,86.47949,0
1396617300.0,86.87041,0
1396617600.0,86.30591,0
1396617900.0,74.19612,0
1396618200.0,85.5808,0
1396618500.0,87.1529,0
1396618800.0,77.76133,0
1396619100.0,80.27907,0
1396619400.0,84.44525,0
1396619700.0,80.97381,0
1396620000.0,87.89152,0
1396620300.0,79.287605,0
1396620600.0,83.41908,0
1396620900.0,84.67739,0
1396621200.0,79.90177,0
1396621500.0,85.70763,0
1396621800.0,80.7346,0
1396622100.0,78.58264,0
1396622400.0,73.72164,0
1396622700.0,78.290855,0
1396623000.0,83.73896,0
1396623300.0,86.73642,0
1396623600.0,76.02614,0
1396623900.0,77.68302,0
1396624200.0,74.46266,0
1396624500.0,83.050766,0
1396624800.0,87.362175,0
1396625100.0,82.25445,0
1396625400.0,81.87244,0
1396625700.0,80.855064,0
1396626000.0,73.41459,0
1396626300.0,83.67126,0
1396626600.0,81.63201,0
1396626900.0,82.58283,0
1396627200.0,86.38081,0
1396627500.0,84.54321,0
1396627800.0,84.494484,0
1396628100.0,86.83477,0
1396628400.0,87.83879,0
1396628700.0,81.30037,0
1396629000.0,73.74197,0
1396629300.0,79.345924,0
1396629600.0,84.601456,0
1396629900.0,72.44347,0
1396630200.0,72.91006,0
1396630500.0,73.07439,0
1396630800.0,83.69654,0
1396631100.0,80.01864,0
1396631400.0,77.902336,0
1396631700.0,73.68984,0
1396632000.0,83.71581,0
1396632300.0,77.136284,0
1396632600.0,76.245155,0
1396632900.0,82.43707,0
1396633200.0,80.944145,0
1396633500.0,77.79854,0
1396633800.0,82.26377,0
1396634100.0,76.339516,0
1396634400.0,33.886906,0
1396634700.0,30.267635,0
1396635000.0,29.816555,0
1396635300.0,33.807606,0
1396635600.0,33.3305,0
1396635900.0,29.968884,0
1396636200.0,29.543966,0
1396636500.0,34.16575,0
1396636800.0,33.770226,0
1396637100.0,30.894442,0
1396637400.0,33.01246,0
1396637700.0,29.59462,0
1396638000.0,22.431572,0
1396638300.0,20.24391,0
1396638600.0,21.914375,0
1396638900.0,20.495295,0
1396639200.0,22.288658,0
1396639500.0,22.049133,0
1396639800.0,22.150845,0
1396640100.0,20.363083,0
1396640400.0,21.78004,0
1396640700.0,23.549046,0
1396641000.0,21.812735,0
1396641300.0,23.36397,0
1396641600.0,19.945385,0
1396641900.0,20.165588,0
1396642200.0,20.741701,0
1396642500.0,22.325993,0
1396642800.0,18.877892,0
1396643100.0,18.566814,0
1396643400.0,20.922192,0
1396643700.0,22.319502,0
1396644000.0,22.485907,0
1396644300.0,20.415136,0
1396644600.0,20.349262,0
1396644900.0,21.07377,0
1396645200.0,20.319607,0
1396645500.0,20.634926,0
1396645800.0,21.599178,0
1396646100.0,21.085953,0
1396646400.0,20.08345,0
1396646700.0,19.942726,0
1396647000.0,20.657087,0
1396647300.0,19.917974,0
1396647600.0,19.926306,0
1396647900.0,18.151937,0
1396648200.0,18.786,0
1396648500.0,20.049833,0
1396648800.0,21.311052,0
1396649100.0,19.133259,0
1396649400.0,20.109861,0
1396649700.0,19.398453,0
1396650000.0,18.4369,0
1396650300.0,21.854155,0
1396650600.0,21.439257,0
1396650900.0,18.33155,0
1396651200.0,20.899193,0
1396651500.0,19.408934,0
1396651800.0,22.0005,0
1396652100.0,19.228035,0
1396652400.0,18.958593,0
1396652700.0,20.275454,0
1396653000.0,21.344603,0
1396653300.0,18.77368,0
1396653600.0,20.841612,0
1396653900.0,18.24913,0
1396654200.0,21.679901,0
1396654500.0,18.327818,0
1396654800.0,21.661083,0
1396655100.0,19.967062,0
1396655400.0,19.796165,0
1396655700.0,21.897432,0
1396656000.0,21.961536,0
1396656300.0,20.600712,0
1396656600.0,18.508476,0
1396656900.0,20.024681,0
1396657200.0,20.116652,0
1396657500.0,20.057785,0
1396657800.0,20.277967,0
1396658100.0,18.0749,0
1396658400.0,20.84491,0
1396658700.0,20.849577,0
1396659000.0,18.46188,0
1396659300.0,20.280958,0
1396659600.0,20.273445,0
1396659900.0,20.729801,0
1396660200.0,18.34159,0
1396660500.0,20.506014,0
1396660800.0,19.123009,0
1396661100.0,20.028011,0
1396661400.0,21.093294,0
1396661700.0,20.822584,0
1396662000.0,18.475613,0
1396662300.0,20.364738,0
1396662600.0,21.876467,0
1396662900.0,18.627077,0
1396663200.0,21.411629,0
1396663500.0,20.810192,0
1396663800.0,21.096014,0
1396664100.0,19.127832,0
1396664400.0,19.151556,0
1396664700.0,21.624079,0
1396665000.0,19.439327,0
1396665300.0,18.252062,0
1396665600.0,20.402388,0
1396665900.0,18.499271,0
1396666200.0,21.186384,0
1396666500.0,20.566986,0
1396666800.0,21.498905,0
1396667100.0,21.139349,0
1396667400.0,18.448454,0
1396667700.0,19.524282,0
1396668000.0,21.098242,0
1396668300.0,19.669367,0
1396668600.0,21.889462,0
1396668900.0,20.942963,0
1396669200.0,18.062,0
1396669500.0,21.519943,0
1396669800.0,18.40322,0
1396670100.0,18.562096,0
1396670400.0,20.93797,0
1396670700.0,21.459875,0
1396671000.0,20.1454,0
1396671300.0,19.156199,0
1396671600.0,19.405262,0
1396671900.0,19.371557,0
1396672200.0,19.306713,0
1396672500.0,18.97164,0
1396672800.0,20.435469,0
1396673100.0,21.601622,0
1396673400.0,19.228329,0
1396673700.0,18.746777,0
1396674000.0,21.354311,0
1396674300.0,20.967133,0
1396674600.0,21.723349,0
1396674900.0,18.662079,0
1396675200.0,18.577005,0
1396675500.0,20.165718,0
1396675800.0,20.457735,0
1396676100.0,19.920694,0
1396676400.0,20.395866,0
1396676700.0,18.72152,0
1396677000.0,19.918455,0
1396677300.0,20.63237,0
1396677600.0,19.730825,0
1396677900.0,20.717789,0
1396678200.0,19.804766,0
1396678500.0,19.334398,0
1396678800.0,19.21442,0
1396679100.0,19.643608,0
1396679400.0,18.092358,0
1396679700.0,20.6741,0
1396680000.0,21.380423,0
1396680300.0,19.418509,0
1396680600.0,18.184132,0
1396680900.0,21.947102,0
1396681200.0,19.054792,0
1396681500.0,18.506485,0
1396681800.0,19.47901,0
1396682100.0,20.954227,0
1396682400.0,19.175667,0
1396682700.0,20.298813,0
1396683000.0,19.66224,0
1396683300.0,18.471056,0
1396683600.0,19.321148,0
1396683900.0,20.899483,0
1396684200.0,20.448015,0
1396684500.0,18.479113,0
1396684800.0,18.65329,0
1396685100.0,20.562933,0
1396685400.0,21.253662,0
1396685700.0,19.397898,0
1396686000.0,20.381243,0
1396686300.0,18.682575,0
1396686600.0,19.245506,0
1396686900.0,18.081081,0
1396687200.0,21.073103,0
1396687500.0,19.60404,0
1396687800.0,21.264502,0
1396688100.0,20.833492,0
1396688400.0,72.470924,0
1396688700.0,65.08496,0
1396689000.0,63.71748,0
1396689300.0,74.417915,0
1396689600.0,70.95566,0
1396689900.0,72.54298,0
1396690200.0,61.378613,0
1396690500.0,66.020676,0
1396690800.0,71.30231,0
1396691100.0,62.260567,0
1396691400.0,68.915825,0
1396691700.0,67.03539,0
1396692000.0,70.11341,0
1396692300.0,73.50234,0
1396692600.0,74.25997,0
1396692900.0,71.576065,0
1396693200.0,79.64146,0
1396693500.0,73.60201,0
1396693800.0,74.14865,0
1396694100.0,83.78066,0
1396694400.0,77.08975,0
1396694700.0,75.92583,0
1396695000.0,81.07448,0
1396695300.0,83.95721,0
1396695600.0,71.96618,0
1396695900.0,78.69679,0
1396696200.0,81.28187,0
1396696500.0,76.63443,0
1396696800.0,83.85237,0
1396697100.0,87.01837,0
1396697400.0,86.572266,0
1396697700.0,75.79819,0
1396698000.0,75.16769,0
1396698300.0,86.79593,0
1396698600.0,78.86203,0
1396698900.0,74.88077,0
1396699200.0,83.211975,0
1396699500.0,76.45886,0
1396699800.0,76.18442,0
1396700100.0,85.96471,0
1396700400.0,74.51015,0
1396700700.0,72.94265,0
1396701000.0,76.215416,0
1396701300.0,81.613075,0
1396701600.0,73.880646,0
1396701900.0,79.45006,0
1396702200.0,81.93895,0
1396702500.0,85.4771,0
1396702800.0,75.65975,0
1396703100.0,85.05712,0
1396703400.0,75.74032,0
1396703700.0,82.80839,0
1396704000.0,78.87184,0
1396704300.0,73.81718,0
1396704600.0,83.408195,0
1396704900.0,75.46609,0
1396705200.0,74.808014,0
1396705500.0,77.71451,0
1396705800.0,82.43285,0
1396706100.0,75.72576,0
1396706400.0,74.93499,0
1396706700.0,72.15579,0
1396707000.0,79.54247,0
1396707300.0,78.854546,0
1396707600.0,75.73825,0
1396707900.0,72.854935,0
1396708200.0,78.86431,0
1396708500.0,84.60722,0
1396708800.0,83.440506,0
1396709100.0,85.7686,0
1396709400.0,72.14986,0
1396709700.0,87.45851,0
1396710000.0,77.46185,0
1396710300.0,87.84552,0
1396710600.0,76.04118,0
1396710900.0,79.543816,0
1396711200.0,77.662094,0
1396711500.0,77.69143,0
1396711800.0,85.47569,0
1396712100.0,83.941895,0
1396712400.0,87.87358,0
1396712700.0,81.81545,0
1396713000.0,79.41135,0
1396713300.0,73.440475,0
1396713600.0,87.94482,0
1396713900.0,80.82433,0
1396714200.0,83.20748,0
1396714500.0,78.50773,0
1396714800.0,80.7633,0
1396715100.0,87.08108,0
1396715400.0,74.66257,0
1396715700.0,76.67781,0
1396716000.0,74.432816,0
1396716300.0,84.67529,0
1396716600.0,72.992584,0
1396716900.0,73.30597,0
1396717200.0,76.77588,0
1396717500.0,80.22698,0
1396717800.0,78.50037,0
1396718100.0,72.71703,0
1396718400.0,87.31983,0
1396718700.0,87.24588,0
1396719000.0,76.46967,0
1396719300.0,83.70438,0
1396719600.0,81.25717,0
1396719900.0,75.7996,0
1396720200.0,76.19472,0
1396720500.0,79.85842,0
1396720800.0,31.48311,0
1396721100.0,30.663862,0
1396721400.0,33.968067,0
1396721700.0,31.881357,0
1396722000.0,32.99102,0
1396722300.0,30.011345,0
1396722600.0,32.214443,0
1396722900.0,30.835041,0
1396723200.0,32.16904,0
1396723500.0,33.79728,0
1396723800.0,33.72104,0
1396724100.0,31.067007,0
1396724400.0,23.27036,0
1396724700.0,24.376978,0
1396725000.0,22.962997,0
1396725300.0,20.824877,0
1396725600.0,23.205093,0
1396725900.0,20.62997,0
1396726200.0,24.067053,0
1396726500.0,22.474638,0
1396726800.0,21.88543,0
1396727100.0,20.415388,0
1396727400.0,21.86591,0
1396727700.0,24.206364,0
1396728000.0,18.517946,0
1396728300.0,20.376158,0
1396728600.0,22.246023,0
1396728900.0,20.049269,0
1396729200.0,20.185808,0
1396729500.0,20.801783,0
1396729800.0,20.328192,0
1396730100.0,19.122593,0
1396730400.0,18.508003,0
1396730700.0,20.929789,0
1396731000.0,22.203623,0
1396731300.0,18.867668,0
1396731600.0,18.934261,0
1396731900.0,19.574427,0
1396732200.0,21.336897,0
1396732500.0,19.168612,0
1396732800.0,21.631554,0
1396733100.0,18.307287,0
1396733400.0,21.868292,0
1396733700.0,20.340155,0
1396734000.0,20.73416,0
1396734300.0,19.564219,0
1396734600.0,21.229391,0
1396734900.0,18.755863,0
1396735200.0,18.213116,0
1396735500.0,19.600866,0
1396735800.0,21.43534,0
1396736100.0,21.039886,0
1396736400.0,20.08789,0
1396736700.0,20.308027,0
1396737000.0,18.53735,0
1396737300.0,21.383234,0
1396737600.0,21.16814,0
1396737900.0,20.645683,0
1396738200.0,19.883835,0
1396738500.0,21.87882,0
1396738800.0,21.52026,0
1396739100.0,20.581673,0
1396739400.0,19.490946,0
1396739700.0,20.476019,0
1396740000.0,20.305662,0
1396740300.0,19.580727,0
1396740600.0,19.230387,0
1396740900.0,19.631811,0
1396741200.0,20.299541,0
1396741500.0,19.716324,0
1396741800.0,19.057957,0
1396742100.0,21.047894,0
1396742400.0,20.12587,0
1396742700.0,18.2707,0
1396743000.0,19.473267,0
1396743300.0,21.539654,0
1396743600.0,21.020947,0
1396743900.0,19.292988,0
1396744200.0,21.752733,0
1396744500.0,18.306412,0
1396744800.0,21.844938,0
1396745100.0,18.98282,0
1396745400.0,18.036377,0
1396745700.0,19.735231,0
1396746000.0,19.435883,0
1396746300.0,20.156357,0
1396746600.0,21.187092,0
1396746900.0,21.369722,0
1396747200.0,19.60492,0
1396747500.0,19.719383,0
1396747800.0,18.59271,0
1396748100.0,18.190191,0
1396748400.0,20.56486,0
1396748700.0,18.25775,0
1396749000.0,20.93532,0
1396749300.0,20.15636,0
1396749600.0,18.794333,0
1396749900.0,20.158092,0
1396750200.0,18.73199,0
1396750500.0,19.75495,0
1396750800.0,21.198242,0
1396751100.0,19.847677,0
1396751400.0,18.594797,0
1396751700.0,20.895315,0
1396752000.0,18.747074,0
1396752300.0,20.954199,0
1396752600.0,19.91741,0
1396752900.0,19.814966,0
1396753200.0,21.40574,0
1396753500.0,20.834414,0
1396753800.0,18.131643,0
1396754100.0,19.184698,0
1396754400.0,21.483683,0
1396754700.0,18.073305,0
1396755000.0,20.181013,0
1396755300.0,20.911303,0
1396755600.0,20.487425,0
1396755900.0,21.04213,0
1396756200.0,20.902767,0
1396756500.0,20.768124,0
1396756800.0,21.28616,0
1396757100.0,20.582762,0
1396757400.0,19.609674,0
1396757700.0,19.887636,0
1396758000.0,20.8669,0
1396758300.0,21.505224,0
1396758600.0,19.088875,0
1396758900.0,19.368307,0
1396759200.0,21.722958,0
1396759500.0,20.314047,0
1396759800.0,18.715847,0
1396760100.0,20.654781,0
1396760400.0,21.963049,0
1396760700.0,21.293814,0
1396761000.0,20.982965,0
1396761300.0,18.832186,0
1396761600.0,21.504559,0
1396761900.0,20.103155,0
1396762200.0,21.55716,0
1396762500.0,19.319311,0
1396762800.0,18.248203,0
1396763100.0,19.903904,0
1396763400.0,19.07935,0
1396763700.0,20.860918,0
1396764000.0,21.828426,0
1396764300.0,20.763897,0
1396764600.0,21.547735,0
1396764900.0,19.812096,0
1396765200.0,21.086563,0
1396765500.0,21.372173,0
1396765800.0,20.843502,0
1396766100.0,20.031109,0
1396766400.0,20.503464,0
1396766700.0,20.802029,0
1396767000.0,19.012337,0
1396767300.0,21.238317,0
1396767600.0,21.801298,0
1396767900.0,19.860958,0
1396768200.0,20.804268,0
1396768500.0,20.948103,0
1396768800.0,20.64899,0
1396769100.0,20.188461,0
1396769400.0,21.526592,0
1396769700.0,19.795708,0
1396770000.0,18.244411,0
1396770300.0,21.378225,0
1396770600.0,20.695925,0
1396770900.0,21.397034,0
1396771200.0,18.55419,0
1396771500.0,18.123013,0
1396771800.0,21.737497,0
1396772100.0,18.590914,0
1396772400.0,21.23861,0
1396772700.0,21.29284,0
1396773000.0,20.834822,0
1396773300.0,18.52505,0
1396773600.0,20.669594,0
1396773900.0,21.556347,0
1396774200.0,19.702127,0
1396774500.0,19.654068,0
1396774800.0,67.22287,0
1396775100.0,62.318897,0
1396775400.0,73.33155,0
1396775700.0,73.02089,0
1396776000.0,74.77157,0
1396776300.0,69.15849,0
1396776600.0,71.41621,0
1396776900.0,63.956337,0
1396777200.0,70.27839,0
1396777500.0,70.03637,0
1396777800.0,73.456436,0
1396778100.0,72.49878,0
1396778400.0,84.405,0
1396778700.0,83.324295,0
1396779000.0,83.32213,0
1396779300.0,70.82899,0
1396779600.0,82.96933,0
1396779900.0,79.26807,0
1396780200.0,75.7445,0
1396780500.0,70.71711,0
1396780800.0,80.3575,0
1396781100.0,74.93369,0
1396781400.0,77.099884,0
1396781700.0,80.420425,0
1396782000.0,86.06886,0
1396782300.0,84.69575,0
1396782600.0,78.7343,0
1396782900.0,77.735306,0
1396783200.0,75.381454,0
1396783500.0,77.49107,0
1396783800.0,73.33408,0
1396784100.0,87.01246,0
1396784400.0,80.69558,0
1396784700.0,73.600624,0
1396785000.0,77.17902,0
1396785300.0,80.26811,0
1396785600.0,80.42954,0
1396785900.0,72.48097,0
1396786200.0,87.1088,0
1396786500.0,76.31432,0
1396786800.0,72.17224,0
1396787100.0,73.13524,0
1396787400.0,81.18558,0
1396787700.0,74.115524,0
1396788000.0,72.5804,0
1396788300.0,77.98033,0
1396788600.0,81.86582,0
1396788900.0,73.70089,0
1396789200.0,76.99476,0
1396789500.0,78.66528,0
1396789800.0,74.53347,0
1396790100.0,80.07796,0
1396790400.0,73.34582,0
1396790700.0,72.72684,0
1396791000.0,80.29809,0
1396791300.0,75.94812,0
1396791600.0,73.50833,0
1396791900.0,78.763695,0
1396792200.0,86.62146,0
1396792500.0,83.56702,0
1396792800.0,85.04577,0
1396793100.0,85.946495,0
1396793400.0,87.55784,0
1396793700.0,84.2079,0
1396794000.0,81.730606,0
1396794300.0,77.84308,0
1396794600.0,74.902695,0
1396794900.0,82.982574,0
1396795200.0,87.91498,0
1396795500.0,79.47392,0
1396795800.0,83.57486,0
1396796100.0,79.91764,0
1396796400.0,78.91018,0
1396796700.0,78.56413,0
1396797000.0,80.07323,0
1396797300.0,77.86958,0
1396797600.0,83.97957,0
1396797900.0,85.987526,0
1396798200.0,86.125336,0
1396798500.0,75.642456,0
1396798800.0,86.33372,0
1396799100.0,77.46407,0
1396799400.0,76.94818,0
1396799700.0,83.6273,0
1396800000.0,76.87499,0
1396800300.0,72.84732,0
1396800600.0,77.97774,0
1396800900.0,83.54329,0
1396801200.0,77.231186,0
1396801500.0,82.072784,0
1396801800.0,82.56175,0
1396802100.0,83.73962,0
1396802400.0,86.35392,0
1396802700.0,78.92088,0
1396803000.0,74.66277,0
1396803300.0,77.10266,0
1396803600.0,78.91464,0
1396803900.0,83.42223,0
1396804200.0,72.20992,0
1396804500.0,77.052536,0
1396804800.0,84.47745,0
1396805100.0,82.73369,0
1396805400.0,83.70781,0
1396805700.0,84.98894,0
1396806000.0,84.53174,0
1396806300.0,82.9149,0
1396806600.0,79.03455,0
1396806900.0,87.73754,0
1396807200.0,32.442062,0
1396807500.0,30.097717,0
1396807800.0,30.673996,0
1396808100.0,33.238792,0
1396808400.0,34.718327,0
1396808700.0,29.943804,0
1396809000.0,29.327011,0
1396809300.0,34.44179,0
1396809600.0,34.657772,0
1396809900.0,30.568823,0
1396810200.0,31.214622,0
1396810500.0,33.025196,0
1396810800.0,21.638084,0
1396811100.0,24.08967,0
1396811400.0,20.64195,0
1396811700.0,20.33016,0
1396812000.0,21.094017,0
1396812300.0,21.441671,0
1396812600.0,20.66591,0
1396812900.0,20.454292,0
1396813200.0,23.545122,0
1396813500.0,20.895958,0
1396813800.0,24.25437,0
1396814100.0,21.808638,0
1396814400.0,21.1788,0
1396814700.0,19.355247,0
1396815000.0,19.416363,0
1396815300.0,20.786009,0
1396815600.0,20.728394,0
1396815900.0,21.580715,0
1396816200.0,21.536003,0
1396816500.0,21.179136,0
1396816800.0,20.271639,0
1396817100.0,22.080063,0
1396817400.0,20.98208,0
1396817700.0,22.487852,0
1396818000.0,21.379612,0
1396818300.0,18.26449,0
1396818600.0,19.374931,0
1396818900.0,20.384882,0
1396819200.0,20.98613,0
1396819500.0,20.298313,0
1396819800.0,21.246016,0
1396820100.0,19.22245,0
1396820400.0,18.825579,0
1396820700.0,18.303102,0
1396821000.0,20.390663,0
1396821300.0,20.85402,0
1396821600.0,19.323132,0
1396821900.0,20.473972,0
1396822200.0,18.226109,0
1396822500.0,18.414835,0
1396822800.0,20.826994,0
1396823100.0,19.490973,0
1396823400.0,20.705194,0
1396823700.0,21.347359,0
1396824000.0,21.431044,0
1396824300.0,18.706612,0
1396824600.0,19.964289,0
1396824900.0,20.955805,0
1396825200.0,21.099974,0
1396825500.0,21.142763,0
1396825800.0,18.9163,0
1396826100.0,18.773743,0
1396826400.0,20.363958,0
1396826700.0,20.968369,0
1396827000.0,19.28026,0
1396827300.0,18.422358,0
1396827600.0,20.870993,0
1396827900.0,19.202478,0
1396828200.0,18.669035,0
1396828500.0,18.594463,0
1396828800.0,19.259638,0
1396829100.0,20.370712,0
1396829400.0,19.433609,0
1396829700.0,18.082647,0
1396830000.0,18.387634,0
1396830300.0,19.162012,0
1396830600.0,20.638819,0
1396830900.0,18.39406,0
1396831200.0,20.242628,0
1396831500.0,18.479544,0
1396831800.0,18.846462,0
1396832100.0,18.688755,0
1396832400.0,18.268915,0
1396832700.0,20.68532,0
1396833000.0,19.853615,0
1396833300.0,21.324213,0
1396833600.0,18.395563,0
1396833900.0,18.578932,0
1396834200.0,19.22583,0
1396834500.0,21.063463,0
1396834800.0,19.223036,0
1396835100.0,19.633675,0
1396835400.0,19.206415,0
1396835700.0,18.320898,0
1396836000.0,21.757734,0
1396836300.0,20.194157,0
1396836600.0,21.151333,0
1396836900.0,20.633429,0
1396837200.0,20.057016,0
1396837500.0,18.358713,0
1396837800.0,20.570934,0
1396838100.0,18.62148,0
1396838400.0,19.657532,0
1396838700.0,20.516453,0
1396839000.0,21.128916,0
1396839300.0,20.740181,0
1396839600.0,20.686134,0
1396839900.0,18.596169,0
1396840200.0,19.384514,0
1396840500.0,18.17165,0
1396840800.0,20.877907,0
1396841100.0,21.810345,0
1396841400.0,19.056442,0
1396841700.0,18.350786,0
1396842000.0,19.90228,0
1396842300.0,21.426792,0
1396842600.0,20.207897,0
1396842900.0,18.187109,0
1396843200.0,21.897089,0
1396843500.0,21.3146,0
1396843800.0,18.526377,0
1396844100.0,21.687191,0
1396844400.0,19.802753,0
1396844700.0,19.487593,0
1396845000.0,19.844213,0
1396845300.0,21.338287,0
1396845600.0,20.637918,0
1396845900.0,18.236994,0
1396846200.0,21.830418,0
1396846500.0,18.591137,0
1396846800.0,20.982271,0
1396847100.0,20.544546,0
1396847400.0,18.750113,0
1396847700.0,18.682928,0
1396848000.0,21.48131,0
1396848300.0,19.67878,0
1396848600.0,20.618305,0
1396848900.0,20.016285,0
1396849200.0,20.909414,0
1396849500.0,19.91697,0
1396849800.0,19.149519,0
1396850100.0,19.453533,0
1396850400.0,21.436312,0
1396850700.0,19.872139,0
1396851000.0,18.853798,0
1396851300.0,21.738422,0
1396851600.0,21.186401,0
1396851900.0,18.222664,0
1396852200.0,21.995771,0
1396852500.0,20.779707,0
1396852800.0,18.641066,0
1396853100.0,18.948671,0
1396853400.0,20.769781,0
1396853700.0,21.119043,0
1396854000.0,18.956144,0
1396854300.0,19.027876,0
1396854600.0,19.228483,0
1396854900.0,20.392073,0
1396855200.0,18.687265,0
1396855500.0,18.416973,0
1396855800.0,20.715456,0
1396856100.0,21.116392,0
1396856400.0,20.003717,0
1396856700.0,19.45533,0
1396857000.0,19.72817,0
1396857300.0,19.55363,0
1396857600.0,21.83994,0
1396857900.0,21.07236,0
1396858200.0,18.83235,0
1396858500.0,19.536757,0
1396858800.0,20.176048,0
1396859100.0,20.451944,0
1396859400.0,19.872736,0
1396859700.0,21.240507,0
1396860000.0,21.070423,0
1396860300.0,20.020632,0
1396860600.0,21.417717,0
1396860900.0,21.004358,0
1396861200.0,71.78871,0
1396861500.0,74.207054,0
1396861800.0,64.82395,0
1396862100.0,64.84001,0
1396862400.0,73.28975,0
1396862700.0,71.70228,0
1396863000.0,73.80102,0
1396863300.0,62.05857,0
1396863600.0,69.737495,0
1396863900.0,63.166946,0
1396864200.0,68.053,0
1396864500.0,63.318157,0
1396864800.0,71.82778,0
1396865100.0,70.028854,0
1396865400.0,79.62131,0
1396865700.0,75.41203,0
1396866000.0,71.47252,0
1396866300.0,74.85044,0
1396866600.0,72.46201,0
1396866900.0,84.4551,0
1396867200.0,74.80647,0
1396867500.0,75.02296,0
1396867800.0,82.874596,0
1396868100.0,79.89317,0
1396868400.0,82.86257,0
1396868700.0,81.682976,0
1396869000.0,86.6163,0
1396869300.0,74.86014,0
1396869600.0,87.29768,0
1396869900.0,84.78352,0
1396870200.0,80.93502,0
1396870500.0,82.102356,0
1396870800.0,81.886925,0
1396871100.0,72.496735,0
1396871400.0,75.03533,0
1396871700.0,86.85923,0
1396872000.0,80.45317,0
1396872300.0,77.95999,0
1396872600.0,84.09158,0
1396872900.0,80.29583,0
1396873200.0,72.123955,0
1396873500.0,83.67927,0
1396873800.0,83.61502,0
1396874100.0,74.55281,0
1396874400.0,87.20179,0
1396874700.0,75.49183,0
1396875000.0,79.2288,0
1396875300.0,73.74717,0
1396875600.0,81.63292,0
1396875900.0,77.988495,0
1396876200.0,77.63214,0
1396876500.0,85.211174,0
1396876800.0,72.13567,0
1396877100.0,84.7468,0
1396877400.0,81.1237,0
1396877700.0,87.75651,0
1396878000.0,81.411545,0
1396878300.0,72.868576,0
1396878600.0,72.792854,0
1396878900.0,86.10978,0
1396879200.0,85.45532,0
1396879500.0,77.53052,0
1396879800.0,81.88459,0
1396880100.0,79.82963,0
1396880400.0,87.47043,0
1396880700.0,87.19519,0
1396881000.0,87.73721,0
1396881300.0,85.85906,0
1396881600.0,86.54867,0
1396881900.0,75.47284,0
1396882200.0,85.292015,0
1396882500.0,83.337715,0
1396882800.0,87.40375,0
1396883100.0,81.13941,0
1396883400.0,73.36197,0
1396883700.0,81.5576,0
1396884000.0,82.9845,0
1396884300.0,75.524414,0
1396884600.0,78.30506,0
1396884900.0,81.57527,0
1396885200.0,77.98494,0
1396885500.0,77.99841,0
1396885800.0,74.12868,0
1396886100.0,87.05111,0
1396886400.0,84.00775,0
1396886700.0,72.01976,0
1396887000.0,84.24965,0
1396887300.0,83.836555,0
1396887600.0,72.155556,0
1396887900.0,77.91352,0
1396888200.0,81.70781,0
1396888500.0,79.24386,0
1396888800.0,84.44762,0
1396889100.0,78.80718,0
1396889400.0,74.46166,0
1396889700.0,87.62248,0
1396890000.0,75.87261,0
1396890300.0,83.48305,0
1396890600.0,74.290474,0
1396890900.0,77.264175,0
1396891200.0,79.07241,0
1396891500.0,75.07568,0
1396891800.0,79.199326,0
1396892100.0,74.51458,0
1396892400.0,80.94408,0
1396892700.0,82.61938,0
1396893000.0,72.998924,0
1396893300.0,85.93808,0
1396893600.0,29.984896,0
1396893900.0,30.242313,0
1396894200.0,33.03263,0
1396894500.0,31.800001,0
1396894800.0,31.996126,0
1396895100.0,29.620186,0
1396895400.0,33.956703,0
1396895700.0,32.74914,0
1396896000.0,29.66644,0
1396896300.0,31.19359,0
1396896600.0,33.986618,0
1396896900.0,32.437466,0
1396897200.0,20.646746,0
1396897500.0,21.83004,0
1396897800.0,21.24727,0
1396898100.0,22.478245,0
1396898400.0,23.938257,0
1396898700.0,22.114475,0
1396899000.0,22.101372,0
1396899300.0,24.215971,0
1396899600.0,22.74131,0
1396899900.0,22.696535,0
1396900200.0,21.333355,0
1396900500.0,22.882597,0
1396900800.0,20.79093,0
1396901100.0,20.057503,0
1396901400.0,22.48989,0
1396901700.0,22.044226,0
1396902000.0,21.502306,0
1396902300.0,20.632967,0
1396902600.0,20.324596,0
1396902900.0,19.189339,0
1396903200.0,19.684301,0
1396903500.0,21.602142,0
1396903800.0,20.290556,0
1396904100.0,22.045776,0
1396904400.0,18.680885,0
1396904700.0,20.129549,0
1396905000.0,20.686684,0
1396905300.0,20.163717,0
1396905600.0,21.660381,0
1396905900.0,22.063652,0
1396906200.0,18.551962,0
1396906500.0,18.608715,0
1396906800.0,18.610199,0
1396907100.0,20.824186,0
1396907400.0,19.584259,0
1396907700.0,21.03374,0
1396908000.0,19.640722,0
1396908300.0,20.530117,0
1396908600.0,21.099669,0
1396908900.0,20.212248,0
1396909200.0,20.177366,0
1396909500.0,18.370556,0
1396909800.0,19.661983,0
1396910100.0,20.202484,0
1396910400.0,19.866978,0
1396910700.0,21.623867,0
1396911000.0,21.646883,0
1396911300.0,21.308105,0
1396911600.0,19.504936,0
1396911900.0,20.873203,0
1396912200.0,19.584913,0
1396912500.0,18.93401,0
1396912800.0,19.37533,0
1396913100.0,18.287369,0
1396913400.0,19.33082,0
1396913700.0,19.846779,0
1396914000.0,21.826113,0
1396914300.0,19.25734,0
1396914600.0,21.613964,0
1396914900.0,18.919065,0
1396915200.0,18.763876,0
1396915500.0,20.075981,0
1396915800.0,20.690046,0
1396916100.0,18.177328,0
1396916400.0,18.884264,0
1396916700.0,19.822735,0
1396917000.0,19.324017,0
1396917300.0,20.850485,0
1396917600.0,20.044641,0
1396917900.0,18.641436,0
1396918200.0,21.577862,0
1396918500.0,19.171623,0
1396918800.0,20.924524,0
1396919100.0,21.119663,0
1396919400.0,21.85263,0
1396919700.0,19.99403,0
1396920000.0,20.463343,0
1396920300.0,19.339504,0
1396920600.0,20.712717,0
1396920900.0,19.853535,0
1396921200.0,19.75061,0
1396921500.0,21.42187,0
1396921800.0,18.200676,0
1396922100.0,21.52785,0
1396922400.0,21.40828,0
1396922700.0,20.025465,0
1396923000.0,19.960812,0
1396923300.0,19.44723,0
1396923600.0,21.976696,0
1396923900.0,18.444677,0
1396924200.0,20.36086,0
1396924500.0,20.726727,0
1396924800.0,21.73732,0
1396925100.0,21.120813,0
1396925400.0,20.575388,0
1396925700.0,18.467249,0
1396926000.0,19.494934,0
1396926300.0,18.555367,0
1396926600.0,21.52485,0
1396926900.0,20.998486,0
1396927200.0,21.030148,0
1396927500.0,20.609026,0
1396927800.0,20.028173,0
1396928100.0,18.599884,0
1396928400.0,19.318779,0
1396928700.0,18.547663,0
1396929000.0,20.899652,0
1396929300.0,18.640915,0
1396929600.0,20.808455,0
1396929900.0,20.769022,0
1396930200.0,19.837217,0
1396930500.0,18.540915,0
1396930800.0,19.259203,0
1396931100.0,19.280373,0
1396931400.0,20.80154,0
1396931700.0,18.454971,0
1396932000.0,21.316275,0
1396932300.0,21.04403,0
1396932600.0,18.745228,0
1396932900.0,20.876657,0
1396933200.0,20.674053,0
1396933500.0,20.992483,0
1396933800.0,18.755714,0
1396934100.0,18.630362,0
1396934400.0,18.945936,0
1396934700.0,19.463488,0
1396935000.0,21.17466,0
1396935300.0,20.951696,0
1396935600.0,21.701807,0
1396935900.0,18.234518,0
1396936200.0,18.046225,0
1396936500.0,20.796555,0
1396936800.0,19.11715,0
1396937100.0,19.336315,0
1396937400.0,20.187208,0
1396937700.0,18.409653,0
1396938000.0,20.570778,0
1396938300.0,19.30059,0
1396938600.0,20.53086,0
1396938900.0,21.336027,0
1396939200.0,18.684444,0
1396939500.0,21.723492,0
1396939800.0,20.122753,0
1396940100.0,21.691711,0
1396940400.0,18.830921,0
1396940700.0,20.418251,0
1396941000.0,19.61555,0
1396941300.0,21.09689,0
1396941600.0,20.423635,0
1396941900.0,19.978062,0
1396942200.0,21.651941,0
1396942500.0,19.508469,0
1396942800.0,18.879921,0
1396943100.0,20.432405,0
1396943400.0,20.496113,0
1396943700.0,19.756378,0
1396944000.0,19.94644,0
1396944300.0,21.838213,0
1396944600.0,20.930742,0
1396944900.0,18.442408,0
1396945200.0,18.84852,0
1396945500.0,21.902306,0
1396945800.0,20.905863,0
1396946100.0,21.660181,0
1396946400.0,19.215446,0
1396946700.0,20.967468,0
1396947000.0,20.85601,0
1396947300.0,19.17876,0
1396947600.0,68.6911,0
1396947900.0,69.73285,0
1396948200.0,67.74339,0
1396948500.0,72.44963,0
1396948800.0,72.527016,0
1396949100.0,72.768166,0
1396949400.0,72.126564,0
1396949700.0,67.83794,0
1396950000.0,66.38756,0
1396950300.0,72.506714,0
1396950600.0,67.86674,0
1396950900.0,64.55065,0
1396951200.0,77.713974,0
1396951500.0,72.04151,0
1396951800.0,80.57409,0
1396952100.0,75.0535,0
1396952400.0,73.88542,0
1396952700.0,84.68501,0
1396953000.0,81.897194,0
1396953300.0,82.05532,0
1396953600.0,79.520164,0
1396953900.0,82.86396,0
1396954200.0,81.6222,0
1396954500.0,79.132965,0
1396954800.0,86.85372,0
1396955100.0,74.61513,0
1396955400.0,86.57151,0
1396955700.0,77.95247,0
1396956000.0,79.97166,0
1396956300.0,73.52004,0
1396956600.0,80.15787,0
1396956900.0,81.288635,0
1396957200.0,87.43545,0
1396957500.0,87.07746,0
1396957800.0,86.937584,0
1396958100.0,77.108765,0
1396958400.0,87.75483,0
1396958700.0,79.192505,0
1396959000.0,85.52663,0
1396959300.0,75.37057,0
1396959600.0,79.997215,0
1396959900.0,87.35125,0
1396960200.0,87.04792,0
1396960500.0,82.84023,0
1396960800.0,84.663315,0
1396961100.0,74.73304,0
1396961400.0,83.44628,0
1396961700.0,81.79054,0
1396962000.0,73.4472,0
1396962300.0,73.79283,0
1396962600.0,73.7174,0
1396962900.0,83.56965,0
1396963200.0,74.24962,0
1396963500.0,79.46464,0
1396963800.0,77.69306,0
1396964100.0,80.78867,0
1396964400.0,83.28363,0
1396964700.0,82.93565,0
1396965000.0,80.22906,0
1396965300.0,79.41029,0
1396965600.0,78.36129,0
1396965900.0,85.78644,0
1396966200.0,77.28992,0
1396966500.0,76.146194,0
1396966800.0,83.88902,0
1396967100.0,77.75248,0
1396967400.0,85.547874,0
1396967700.0,77.24251,0
1396968000.0,83.22712,0
1396968300.0,72.718254,0
1396968600.0,78.16525,0
1396968900.0,77.48796,0
1396969200.0,85.06604,0
1396969500.0,87.472046,0
1396969800.0,79.37334,0
1396970100.0,85.19656,0
1396970400.0,83.19431,0
1396970700.0,87.47733,0
1396971000.0,84.97692,0
1396971300.0,73.238945,0
1396971600.0,83.411705,0
1396971900.0,80.56722,0
1396972200.0,72.26228,0
1396972500.0,76.02028,0
1396972800.0,86.74792,0
1396973100.0,86.81682,0
1396973400.0,84.78145,0
1396973700.0,87.708305,0
1396974000.0,84.904564,0
1396974300.0,72.16313,0
1396974600.0,76.6052,0
1396974900.0,72.489845,0
1396975200.0,73.505585,0
1396975500.0,75.501305,0
1396975800.0,80.056786,0
1396976100.0,85.56035,0
1396976400.0,85.791435,0
1396976700.0,81.8592,0
1396977000.0,86.850784,0
1396977300.0,80.00097,0
1396977600.0,86.22454,0
1396977900.0,79.265015,0
1396978200.0,76.43557,0
1396978500.0,86.662575,0
1396978800.0,78.20693,0
1396979100.0,80.054436,0
1396979400.0,77.26174,0
1396979700.0,82.60537,0
1396980000.0,35.168194,0
1396980300.0,28.963282,0
1396980600.0,34.55902,0
1396980900.0,28.82512,0
1396981200.0,31.131052,0
1396981500.0,29.879078,0
1396981800.0,33.64698,0
1396982100.0,29.123903,0
1396982400.0,32.342297,0
1396982700.0,30.687521,0
1396983000.0,29.655483,0
1396983300.0,33.73963,0
1396983600.0,21.134026,0
1396983900.0,21.162064,0
1396984200.0,21.392344,0
1396984500.0,22.788713,0
1396984800.0,23.115303,0
1396985100.0,20.238857,0
1396985400.0,21.243574,0
1396985700.0,22.090748,0
1396986000.0,21.647255,0
1396986300.0,24.121082,0
1396986600.0,23.688934,0
1396986900.0,22.963987,0
1396987200.0,19.816622,0
1396987500.0,21.301954,0
1396987800.0,21.88754,0
1396988100.0,20.868425,0
1396988400.0,21.645153,0
1396988700.0,21.500334,0
1396989000.0,20.773836,0
1396989300.0,19.710703,0
1396989600.0,21.486723,0
1396989900.0,19.279037,0
1396990200.0,21.624784,0
1396990500.0,21.727423,0
1396990800.0,21.390764,0
1396991100.0,19.987144,0
1396991400.0,18.860018,0
1396991700.0,18.48721,0
1396992000.0,21.074118,0
1396992300.0,21.648462,0
1396992600.0,20.70225,0
1396992900.0,18.665808,0
1396993200.0,21.843935,0
1396993500.0,22.061798,0
1396993800.0,19.828236,0
1396994100.0,20.477121,0
1396994400.0,21.129179,0
1396994700.0,20.965668,0
1396995000.0,21.892145,0
1396995300.0,18.477253,0
1396995600.0,20.34241,0
1396995900.0,20.787663,0
1396996200.0,21.58109,0
1396996500.0,21.517075,0
1396996800.0,21.933035,0
1396997100.0,20.06756,0
1396997400.0,21.343513,0
1396997700.0,19.728048,0
1396998000.0,19.693035,0
1396998300.0,19.017044,0
1396998600.0,21.277033,0
1396998900.0,21.947474,0
1396999200.0,19.02902,0
1396999500.0,18.228025,0
1396999800.0,21.266253,0
1397000100.0,20.484852,0
1397000400.0,21.842989,0
1397000700.0,19.012606,0
1397001000.0,18.28762,0
1397001300.0,19.973602,0
1397001600.0,18.341864,0
1397001900.0,19.04716,0
1397002200.0,18.503912,0
1397002500.0,18.896528,0
1397002800.0,18.424578,0
1397003100.0,21.815624,0
1397003400.0,19.11425,0
1397003700.0,19.77559,0
1397004000.0,21.594448,0
1397004300.0,20.709286,0
1397004600.0,20.47215,0
1397004900.0,20.822252,0
1397005200.0,21.315289,0
1397005500.0,21.510677,0
1397005800.0,20.570559,0
1397006100.0,21.56003,0
1397006400.0,20.14159,0
1397006700.0,19.109163,0
1397007000.0,21.520308,0
1397007300.0,20.165892,0
1397007600.0,21.62455,0
1397007900.0,18.160671,0
1397008200.0,19.590063,0
1397008500.0,21.79122,0
1397008800.0,18.9986,0
1397009100.0,21.766146,0
1397009400.0,21.815609,0
1397009700.0,21.52857,0
1397010000.0,20.254673,0
1397010300.0,20.587757,0
1397010600.0,21.478468,0
1397010900.0,21.103588,0
1397011200.0,20.520376,0
1397011500.0,21.929037,0
1397011800.0,20.742706,0
1397012100.0,21.901928,0
1397012400.0,18.229553,0
1397012700.0,18.555841,0
1397013000.0,19.805836,0
1397013300.0,19.539518,0
1397013600.0,21.13094,0
1397013900.0,18.642456,0
1397014200.0,21.90438,0
1397014500.0,19.260263,0
1397014800.0,19.715694,0
1397015100.0,19.09898,0
1397015400.0,20.317455,0
1397015700.0,18.234514,0
1397016000.0,18.59871,0
1397016300.0,20.98319,0
1397016600.0,18.746002,0
1397016900.0,18.942059,0
1397017200.0,21.171928,0
1397017500.0,18.373205,0
1397017800.0,19.749895,0
1397018100.0,18.092253,0
1397018400.0,19.38723,0
1397018700.0,20.795925,0
1397019000.0,18.360413,0
1397019300.0,21.553339,0
1397019600.0,21.637997,0
1397019900.0,18.419962,0
1397020200.0,21.96293,0
1397020500.0,19.190119,0
1397020800.0,18.336407,0
1397021100.0,18.02027,0
1397021400.0,19.634092,0
1397021700.0,20.51924,0
1397022000.0,19.328716,0
1397022300.0,21.346869,0
1397022600.0,20.866425,0
1397022900.0,19.400646,0
1397023200.0,20.937239,0
1397023500.0,21.761951,0
1397023800.0,18.372383,0
1397024100.0,19.224417,0
1397024400.0,19.853304,0
1397024700.0,19.99196,0
1397025000.0,20.168783,0
1397025300.0,19.202507,0
1397025600.0,20.669039,0
1397025900.0,20.580338,0
1397026200.0,20.311287,0
1397026500.0,18.455048,0
1397026800.0,19.907871,0
1397027100.0,19.424908,0
1397027400.0,19.964153,0
1397027700.0,21.687466,0
1397028000.0,19.922125,0
1397028300.0,18.055923,0
1397028600.0,19.755346,0
1397028900.0,21.282593,0
1397029200.0,21.120243,0
1397029500.0,20.05356,0
1397029800.0,18.999077,0
1397030100.0,19.860355,0
1397030400.0,20.254808,0
1397030700.0,21.999485,0
1397031000.0,20.576712,0
1397031300.0,20.77706,0
1397031600.0,19.965816,0
1397031900.0,19.417957,0
1397032200.0,21.251812,0
1397032500.0,19.979729,0
1397032800.0,21.97876,0
1397033100.0,19.828482,0
1397033400.0,18.272001,0
1397033700.0,20.730312,0
1397034000.0,61.834324,0
1397034300.0,64.60682,0
1397034600.0,66.01084,0
1397034900.0,71.25697,0
1397035200.0,67.92161,0
1397035500.0,61.589584,0
1397035800.0,69.58916,0
1397036100.0,66.79553,0
1397036400.0,73.736946,0
1397036700.0,67.99405,0
1397037000.0,70.842064,0
1397037300.0,64.17661,0
1397037600.0,81.65031,0
1397037900.0,81.02923,0
1397038200.0,83.871346,0
1397038500.0,70.364914,0
1397038800.0,76.78521,0
1397039100.0,80.38049,0
1397039400.0,71.31694,0
1397039700.0,76.21258,0
1397040000.0,84.46211,0
1397040300.0,76.605705,0
1397040600.0,85.133484,0
1397040900.0,70.722145,0
1397041200.0,82.98437,0
1397041500.0,80.80848,0
1397041800.0,79.52858,0
1397042100.0,87.008354,0
1397042400.0,73.62996,0
1397042700.0,85.81797,0
1397043000.0,82.561485,0
1397043300.0,75.68707,0
1397043600.0,85.90815,0
1397043900.0,78.39551,0
1397044200.0,84.51747,0
1397044500.0,77.75205,0
1397044800.0,85.51215,0
1397045100.0,82.08744,0
1397045400.0,74.16764,0
1397045700.0,82.29574,0
1397046000.0,74.97144,0
1397046300.0,78.49645,0
1397046600.0,74.63506,0
1397046900.0,72.265434,0
1397047200.0,75.29971,0
1397047500.0,80.48525,0
1397047800.0,79.60933,0
1397048100.0,79.927925,0
1397048400.0,75.944756,0
1397048700.0,82.942665,0
1397049000.0,83.24823,0
1397049300.0,77.70883,0
1397049600.0,86.07806,0
1397049900.0,82.28462,0
1397050200.0,83.38861,0
1397050500.0,76.41909,0
1397050800.0,71.9925,0
1397051100.0,85.82541,0
1397051400.0,85.13835,0
1397051700.0,73.953316,0
1397052000.0,77.98194,0
1397052300.0,82.57746,0
1397052600.0,82.42982,0
1397052900.0,85.76149,0
1397053200.0,74.24073,0
1397053500.0,78.87525,0
1397053800.0,73.55206,0
1397054100.0,78.22977,0
1397054400.0,72.23825,0
1397054700.0,86.368225,0
1397055000.0,80.42884,0
1397055300.0,85.59273,0
1397055600.0,72.95777,0
1397055900.0,75.6386,0
1397056200.0,76.149345,0
1397056500.0,78.18631,0
1397056800.0,84.84505,0
1397057100.0,78.18417,0
1397057400.0,75.273735,0
1397057700.0,73.03915,0
1397058000.0,73.271164,0
1397058300.0,84.15995,0
1397058600.0,79.11609,0
1397058900.0,83.618095,0
1397059200.0,82.916435,0
1397059500.0,74.16566,0
1397059800.0,74.286064,0
1397060100.0,84.08531,0
1397060400.0,83.54013,0
1397060700.0,78.04834,0
1397061000.0,73.23862,0
1397061300.0,72.19343,0
1397061600.0,76.61037,0
1397061900.0,72.147415,0
1397062200.0,75.681015,0
1397062500.0,78.71186,0
1397062800.0,73.94263,0
1397063100.0,73.66842,0
1397063400.0,86.342964,0
1397063700.0,81.36749,0
1397064000.0,86.951256,0
1397064300.0,77.53319,0
1397064600.0,82.83429,0
1397064900.0,75.27504,0
1397065200.0,81.89342,0
1397065500.0,74.07334,0
1397065800.0,72.033264,0
1397066100.0,86.90447,0
1397066400.0,32.35132,0
1397066700.0,34.732414,0
1397067000.0,30.936516,0
1397067300.0,30.897825,0
1397067600.0,31.364185,0
1397067900.0,33.318657,0
1397068200.0,32.42117,0
1397068500.0,34.722263,0
1397068800.0,28.962816,0
1397069100.0,33.332447,0
1397069400.0,30.914091,0
1397069700.0,29.95349,0
1397070000.0,22.446571,0
1397070300.0,22.422684,0
1397070600.0,20.773808,0
1397070900.0,21.064493,0
1397071200.0,21.988577,0
1397071500.0,21.991474,0
1397071800.0,21.582659,0
1397072100.0,20.825481,0
1397072400.0,20.179592,0
1397072700.0,24.50665,0
1397073000.0,24.386875,0
1397073300.0,22.326752,0
1397073600.0,22.507732,0
1397073900.0,21.191288,0
1397074200.0,18.71404,0
1397074500.0,18.914173,0
1397074800.0,22.18439,0
1397075100.0,21.012693,0
1397075400.0,21.88568,0
1397075700.0,22.111313,0
1397076000.0,20.26677,0
1397076300.0,18.630762,0
1397076600.0,19.203196,0
1397076900.0,18.704678,0
1397077200.0,18.844984,0
1397077500.0,19.736414,0
1397077800.0,18.561457,0
1397078100.0,18.756535,0
1397078400.0,19.878246,0
1397078700.0,19.453615,0
1397079000.0,19.966011,0
1397079300.0,19.811329,0
1397079600.0,20.676685,0
1397079900.0,21.853151,0
1397080200.0,18.519928,0
1397080500.0,18.485346,0
1397080800.0,21.43178,0
1397081100.0,20.044811,0
1397081400.0,21.085842,0
1397081700.0,18.879795,0
1397082000.0,21.335913,0
1397082300.0,21.716213,0
1397082600.0,20.561653,0
1397082900.0,18.441202,0
1397083200.0,21.601896,0
1397083500.0,21.190273,0
1397083800.0,21.023674,0
1397084100.0,18.164333,0
1397084400.0,21.19992,0
1397084700.0,18.555367,0
1397085000.0,18.893171,0
1397085300.0,20.312439,0
1397085600.0,19.063583,0
1397085900.0,20.649357,0
1397086200.0,20.436205,0
1397086500.0,18.436138,0
1397086800.0,20.628017,0
1397087100.0,21.699986,0
1397087400.0,18.64802,0
1397087700.0,20.392162,0
1397088000.0,19.367462,0
1397088300.0,19.838448,0
1397088600.0,19.148,0
1397088900.0,19.416523,0
1397089200.0,18.115646,0
1397089500.0,21.926207,0
1397089800.0,20.499199,0
1397090100.0,20.002823,0
1397090400.0,19.53486,0
1397090700.0,20.157497,0
1397091000.0,19.520424,0
1397091300.0,19.439632,0
1397091600.0,19.855785,0
1397091900.0,19.103931,0
1397092200.0,18.7202,0
1397092500.0,20.226423,0
1397092800.0,21.371061,0
1397093100.0,18.611313,0
1397093400.0,18.130938,0
1397093700.0,18.987247,0
1397094000.0,21.918882,0
1397094300.0,21.315033,0
1397094600.0,20.383465,0
1397094900.0,21.716995,0
1397095200.0,19.781116,0
1397095500.0,21.933123,0
1397095800.0,19.185207,0
1397096100.0,18.961224,0
1397096400.0,20.552193,0
1397096700.0,19.512615,0
1397097000.0,20.505463,0
1397097300.0,19.219982,0
1397097600.0,20.471674,0
1397097900.0,19.102985,0
1397098200.0,18.203888,0
1397098500.0,21.648544,0
1397098800.0,21.532822,0
1397099100.0,21.883192,0
1397099400.0,20.866108,0
1397099700.0,20.730885,0
1397100000.0,20.236012,0
1397100300.0,18.503769,0
1397100600.0,18.75694,0
1397100900.0,19.157879,0
1397101200.0,21.560625,0
1397101500.0,18.691877,0
1397101800.0,21.691492,0
1397102100.0,20.091143,0
1397102400.0,20.862278,0
1397102700.0,18.440977,0
1397103000.0,19.076134,0
1397103300.0,21.834074,0
1397103600.0,19.0646,0
1397103900.0,19.186087,0
1397104200.0,18.79039,0
1397104500.0,18.516294,0
1397104800.0,18.933031,0
1397105100.0,20.569307,0
1397105400.0,19.82147,0
1397105700.0,20.215023,0
1397106000.0,18.48946,0
1397106300.0,21.208466,0
1397106600.0,21.13638,0
1397106900.0,18.086359,0
1397107200.0,19.53406,0
1397107500.0,18.275082,0
1397107800.0,21.168423,0
1397108100.0,20.94908,0
1397108400.0,21.607952,0
1397108700.0,18.945616,0
1397109000.0,19.825184,0
1397109300.0,18.737951,0
1397109600.0,19.48494,0
1397109900.0,20.088972,0
1397110200.0,18.213324,0
1397110500.0,20.859482,0
1397110800.0,20.173174,0
1397111100.0,21.315836,0
1397111400.0,19.087122,0
1397111700.0,21.613285,0
1397112000.0,21.994778,0
1397112300.0,21.677195,0
1397112600.0,21.11157,0
1397112900.0,21.249475,0
1397113200.0,20.294977,0
1397113500.0,18.760616,0
1397113800.0,20.708162,0
1397114100.0,20.851011,0
1397114400.0,21.94154,0
1397114700.0,20.165205,0
1397115000.0,19.085476,0
1397115300.0,20.73469,0
1397115600.0,21.917503,0
1397115900.0,18.708857,0
1397116200.0,19.303991,0
1397116500.0,20.167524,0
1397116800.0,18.680859,0
1397117100.0,18.088882,0
1397117400.0,19.347933,0
1397117700.0,21.461483,0
1397118000.0,18.173874,0
1397118300.0,19.715715,0
1397118600.0,21.048803,0
1397118900.0,21.81273,0
1397119200.0,21.941902,0
1397119500.0,19.687878,0
1397119800.0,21.801537,0
1397120100.0,18.141676,0
1397120400.0,71.34447,0
1397120700.0,69.941345,0
1397121000.0,64.5935,0
1397121300.0,68.09953,0
1397121600.0,62.96193,0
1397121900.0,73.05372,0
1397122200.0,66.06741,0
1397122500.0,69.7142,0
1397122800.0,63.359356,0
1397123100.0,64.003845,0
1397123400.0,74.690605,0
1397123700.0,71.44198,0
1397124000.0,84.769806,0
1397124300.0,74.43161,0
1397124600.0,72.39401,0
1397124900.0,77.64762,0
1397125200.0,77.51725,0
1397125500.0,72.55517,0
1397125800.0,81.21957,0
1397126100.0,75.45479,0
1397126400.0,72.73239,0
1397126700.0,74.992386,0
1397127000.0,78.58798,0
1397127300.0,81.11483,0
1397127600.0,79.231995,0
1397127900.0,79.92706,0
1397128200.0,73.777794,0
1397128500.0,86.11524,0
1397128800.0,86.33843,0
1397129100.0,82.43722,0
1397129400.0,71.84841,0
1397129700.0,80.10963,0
1397130000.0,81.575096,0
1397130300.0,87.38698,0
1397130600.0,87.40945,0
1397130900.0,85.20745,0
1397131200.0,72.93367,0
1397131500.0,87.14772,0
1397131800.0,81.704414,0
1397132100.0,84.71241,0
1397132400.0,78.42087,0
1397132700.0,77.02217,0
1397133000.0,79.31661,0
1397133300.0,74.26077,0
1397133600.0,77.619804,0
1397133900.0,85.61901,0
1397134200.0,72.52008,0
1397134500.0,74.32475,0
1397134800.0,73.9841,0
1397135100.0,78.43038,0
1397135400.0,87.93068,0
1397135700.0,74.75578,0
1397136000.0,74.30988,0
1397136300.0,86.620094,0
1397136600.0,86.09214,0
1397136900.0,72.49844,0
1397137200.0,84.007126,0
1397137500.0,82.46765,0
1397137800.0,84.263626,0
1397138100.0,79.89286,0
1397138400.0,87.85785,0
1397138700.0,72.69806,0
1397139000.0,75.74631,0
1397139300.0,78.34097,0
1397139600.0,79.19264,0
1397139900.0,86.73772,0
1397140200.0,80.956184,0
1397140500.0,72.718285,0
1397140800.0,78.52204,0
1397141100.0,78.66007,0
1397141400.0,87.44366,0
1397141700.0,81.58324,0
1397142000.0,82.16963,0
1397142300.0,83.41125,0
1397142600.0,84.31982,0
1397142900.0,82.16003,0
1397143200.0,75.79438,0
1397143500.0,85.98391,0
1397143800.0,83.71311,0
1397144100.0,83.869125,0
1397144400.0,87.94406,0
1397144700.0,84.83961,0
1397145000.0,85.2656,0
1397145300.0,87.22165,0
1397145600.0,74.418,0
1397145900.0,79.963486,0
1397146200.0,81.28892,0
1397146500.0,77.268265,1
1397146800.0,85.43029,1
1397147100.0,84.198555,1
1397147400.0,83.533966,1
1397147700.0,87.95422,1
1397148000.0,76.149956,1
1397148300.0,83.76716,1
1397148600.0,80.82232,1
1397148900.0,77.00768,1
1397149200.0,74.56936,1
1397149500.0,86.33411,1
1397149800.0,81.52726,1
1397150100.0,85.198906,1
1397150400.0,80.72549,1
1397150700.0,75.51961,1
1397151000.0,77.40075,1
1397151300.0,78.10459,1
1397151600.0,87.566925,1
1397151900.0,72.0901,1
1397152200.0,87.77062,1
1397152500.0,87.687355,1
1397152800.0,35.175358,1
1397153100.0,31.850159,1
1397153400.0,34.968372,1
1397153700.0,31.33183,1
1397154000.0,28.968279,1
1397154300.0,30.235817,1
1397154600.0,34.849888,1
1397154900.0,28.888088,1
1397155200.0,32.294357,1
1397155500.0,29.283844,1
1397155800.0,30.632933,1
1397156100.0,29.363789,1
1397156400.0,24.010687,1
1397156700.0,22.807995,1
1397157000.0,24.201435,1
1397157300.0,23.24382,1
1397157600.0,24.51021,1
1397157900.0,22.44425,1
1397158200.0,23.021421,1
1397158500.0,22.741861,1
1397158800.0,22.329485,1
1397159100.0,23.949896,1
1397159400.0,23.047472,1
1397159700.0,23.749878,1
1397160000.0,21.652946,1
1397160300.0,19.214521,1
1397160600.0,21.09507,1
1397160900.0,19.249758,1
1397161200.0,20.82128,1
1397161500.0,21.206772,1
1397161800.0,22.516674,1
1397162100.0,18.5571,1
1397162400.0,18.805729,1
1397162700.0,18.747501,1
1397163000.0,20.063688,1
1397163300.0,21.797226,1
1397163600.0,21.47883,1
1397163900.0,21.048468,1
1397164200.0,21.691133,1
1397164500.0,19.384039,1
1397164800.0,18.440712,1
1397165100.0,18.32013,1
1397165400.0,21.511292,1
1397165700.0,21.02217,1
1397166000.0,20.894274,1
1397166300.0,19.451628,1
1397166600.0,19.613316,1
1397166900.0,21.93725,1
1397167200.0,18.272743,1
1397167500.0,21.115177,1
1397167800.0,19.257002,1
1397168100.0,18.173649,1
1397168400.0,20.990412,1
1397168700.0,19.342197,1
1397169000.0,20.908644,1
1397169300.0,20.850615,1
1397169600.0,20.158482,1
1397169900.0,21.129757,1
1397170200.0,20.343664,1
1397170500.0,19.164928,1
1397170800.0,20.940481,1
1397171100.0,20.360468,1
1397171400.0,18.054375,1
1397171700.0,21.610725,1
1397172000.0,20.18645,1
1397172300.0,21.478632,1
1397172600.0,21.535082,1
1397172900.0,19.783665,1
1397173200.0,20.034487,1
1397173500.0,19.666792,1
1397173800.0,19.801548,1
1397174100.0,21.584732,1
1397174400.0,21.152576,1
1397174700.0,18.506104,1
1397175000.0,20.44123,1
1397175300.0,21.983627,1
1397175600.0,20.382202,1
1397175900.0,21.143486,1
1397176200.0,21.076246,1
1397176500.0,19.40127,1
1397176800.0,19.487398,1
1397177100.0,20.896305,1
1397177400.0,19.999933,1
1397177700.0,20.282284,1
1397178000.0,20.851624,1
1397178300.0,21.1103,1
1397178600.0,19.086067,1
1397178900.0,18.587175,1
1397179200.0,19.16718,1
1397179500.0,20.030153,1
1397179800.0,19.368565,1
1397180100.0,20.27345,1
1397180400.0,18.213863,1
1397180700.0,20.039001,1
1397181000.0,19.47194,1
1397181300.0,20.138666,1
1397181600.0,19.690134,1
1397181900.0,19.136904,1
1397182200.0,21.616432,1
1397182500.0,18.73906,1
1397182800.0,20.725462,1
1397183100.0,21.69858,1
1397183400.0,20.15468,1
1397183700.0,21.505634,1
1397184000.0,18.499407,1
1397184300.0,19.975155,1
1397184600.0,19.8281,1
1397184900.0,18.032475,1
1397185200.0,19.77303,1
1397185500.0,19.476118,1
1397185800.0,20.679195,1
1397186100.0,21.753319,1
1397186400.0,18.343164,1
1397186700.0,19.309906,1
1397187000.0,19.776258,1
1397187300.0,19.820742,1
1397187600.0,21.09924,1
1397187900.0,19.773582,1
1397188200.0,18.108644,1
1397188500.0,20.840416,1
1397188800.0,21.539318,1
1397189100.0,20.055618,1
1397189400.0,20.324434,1
1397189700.0,18.651745,1
1397190000.0,18.882584,1
1397190300.0,18.940681,1
1397190600.0,19.722967,1
1397190900.0,21.712582,1
1397191200.0,20.08714,1
1397191500.0,18.76839,1
1397191800.0,19.06435,1
1397192100.0,19.53606,1
1397192400.0,20.493036,1
1397192700.0,19.760132,1
1397193000.0,19.569778,1
1397193300.0,20.258915,1
1397193600.0,18.96734,1
1397193900.0,18.315613,1
1397194200.0,18.097658,1
1397194500.0,19.005037,1
1397194800.0,18.366367,1
1397195100.0,19.345362,1
1397195400.0,21.091734,1
1397195700.0,20.865177,1
1397196000.0,20.44371,1
1397196300.0,21.410002,1
1397196600.0,19.128271,1
1397196900.0,21.540215,1
1397197200.0,19.596956,1
1397197500.0,19.603573,1
1397197800.0,19.621407,1
1397198100.0,18.392378,1
1397198400.0,21.901962,1
1397198700.0,18.554028,1
1397199000.0,19.363543,1
1397199300.0,19.2772,1
1397199600.0,18.298717,1
1397199900.0,18.609041,1
1397200200.0,18.179434,1
1397200500.0,19.169619,1
1397200800.0,21.466627,1
1397201100.0,19.357769,1
1397201400.0,18.494768,1
1397201700.0,20.582775,1
1397202000.0,21.986404,1
1397202300.0,18.929295,1
1397202600.0,19.118284,1
1397202900.0,21.887388,1
1397203200.0,18.715105,1
1397203500.0,20.044857,1
1397203800.0,18.958609,1
1397204100.0,21.729408,1
1397204400.0,21.926085,1
1397204700.0,21.258791,1
1397205000.0,19.259136,1
1397205300.0,19.61395,1
1397205600.0,18.969223,1
1397205900.0,21.563032,1
1397206200.0,21.658234,1
1397206500.0,19.675482,1
1397206800.0,127.88202,1
1397207100.0,115.70572,1
1397207400.0,122.38641,1
1397207700.0,127.26118,1
1397208000.0,121.158,1
1397208300.0,120.46847,1
1397208600.0,111.62478,1
1397208900.0,131.54648,1
1397209200.0,133.65558,1
1397209500.0,135.6427,1
1397209800.0,129.43793,1
1397210100.0,125.21005,1
1397210400.0,138.11848,1
1397210700.0,159.25972,1
1397211000.0,147.39925,1
1397211300.0,150.04622,1
1397211600.0,150.08249,1
1397211900.0,154.7985,1
1397212200.0,130.60011,1
1397212500.0,136.69835,1
1397212800.0,149.59387,1
1397213100.0,156.24342,1
1397213400.0,150.1674,1
1397213700.0,142.29471,1
1397214000.0,144.83546,1
1397214300.0,156.04895,1
1397214600.0,156.14696,1
1397214900.0,152.14948,1
1397215200.0,142.74739,1
1397215500.0,161.6262,1
1397215800.0,150.5056,1
1397216100.0,157.61435,1
1397216400.0,140.44867,1
1397216700.0,144.31366,1
1397217000.0,160.11948,1
1397217300.0,135.5568,1
1397217600.0,150.16095,1
1397217900.0,149.24393,1
1397218200.0,157.31845,1
1397218500.0,143.25789,1
1397218800.0,141.37569,1
1397219100.0,162.55826,1
1397219400.0,151.9403,1
1397219700.0,137.94913,1
1397220000.0,140.59586,1
1397220300.0,164.73604,1
1397220600.0,140.67293,1
1397220900.0,153.10167,1
1397221200.0,147.56291,1
1397221500.0,161.52316,1
1397221800.0,157.61133,1
1397222100.0,152.86613,1
1397222400.0,135.28464,1
1397222700.0,161.34909,1
1397223000.0,148.29889,1
1397223300.0,162.90215,1
1397223600.0,149.8246,1
1397223900.0,155.78352,1
1397224200.0,137.04076,1
1397224500.0,157.31091,1
1397224800.0,145.13184,1
1397225100.0,145.5327,1
1397225400.0,138.55199,1
1397225700.0,139.39798,1
1397226000.0,140.56497,1
1397226300.0,144.83815,1
1397226600.0,161.75012,1
1397226900.0,146.0397,1
1397227200.0,156.72218,1
1397227500.0,137.4748,1
1397227800.0,152.72449,1
1397228100.0,149.44844,1
1397228400.0,164.33691,1
1397228700.0,160.38446,1
1397229000.0,148.64325,1
1397229300.0,158.25253,1
1397229600.0,140.7896,1
1397229900.0,151.86841,1
1397230200.0,137.23705,1
1397230500.0,145.44106,1
1397230800.0,141.77429,1
1397231100.0,156.56555,1
1397231400.0,149.70107,1
1397231700.0,157.53036,1
1397232000.0,150.45853,1
1397232300.0,137.59422,1
1397232600.0,157.06068,1
1397232900.0,159.99652,1
1397233200.0,162.10558,1
1397233500.0,152.15942,1
1397233800.0,157.60721,1
1397234100.0,157.56097,1
1397234400.0,139.67218,1
1397234700.0,139.92632,1
1397235000.0,137.12627,1
1397235300.0,144.59709,1
1397235600.0,149.20518,1
1397235900.0,164.93686,1
1397236200.0,147.92973,1
1397236500.0,156.7872,1
1397236800.0,155.80183,1
1397237100.0,141.1344,1
1397237400.0,136.75516,1
1397237700.0,151.38014,1
1397238000.0,156.0091,1
1397238300.0,164.94748,1
1397238600.0,145.75827,1
1397238900.0,161.89087,1
1397239200.0,44.913765,1
1397239500.0,47.742573,1
1397239800.0,46.90391,1
1397240100.0,41.887394,1
1397240400.0,42.121162,1
1397240700.0,41.59102,1
1397241000.0,44.81166,1
1397241300.0,48.261356,1
1397241600.0,42.989338,1
1397241900.0,46.973835,1
1397242200.0,44.0572,1
1397242500.0,48.73232,1
1397242800.0,26.703915,1
1397243100.0,26.588087,1
1397243400.0,25.32516,1
1397243700.0,24.114214,1
1397244000.0,26.759596,1
1397244300.0,23.617945,1
1397244600.0,24.140387,1
1397244900.0,23.607094,1
1397245200.0,26.078016,1
1397245500.0,26.138626,1
1397245800.0,25.968647,1
1397246100.0,24.77463,1
1397246400.0,19.35752,1
1397246700.0,22.7702,1
1397247000.0,21.07253,1
1397247300.0,20.648539,1
1397247600.0,21.413774,1
1397247900.0,19.747261,1
1397248200.0,19.493765,1
1397248500.0,20.64245,1
1397248800.0,19.892143,1
1397249100.0,19.963974,1
1397249400.0,22.691689,1
1397249700.0,21.169434,1
1397250000.0,20.141188,1
1397250300.0,20.9738,1
1397250600.0,22.032976,1
1397250900.0,18.640661,1
1397251200.0,21.556013,1
1397251500.0,20.547571,1
1397251800.0,18.777943,1
1397252100.0,19.388159,1
1397252400.0,20.136711,1
1397252700.0,20.980661,1
1397253000.0,19.16772,1
1397253300.0,20.348967,1
1397253600.0,20.781822,1
1397253900.0,19.836136,1
1397254200.0,21.496725,1
1397254500.0,21.52251,1
1397254800.0,19.924122,1
1397255100.0,21.937237,1
1397255400.0,18.340408,1
1397255700.0,18.050917,1
1397256000.0,19.56328,1
1397256300.0,20.446829,1
1397256600.0,20.559475,1
1397256900.0,19.947187,1
1397257200.0,18.507229,1
1397257500.0,18.689762,1
1397257800.0,21.417498,1
1397258100.0,21.480577,1
1397258400.0,20.704203,1
1397258700.0,20.665464,1
1397259000.0,20.399212,1
1397259300.0,18.819529,1
1397259600.0,19.721203,1
1397259900.0,20.792225,1
1397260200.0,20.15739,1
1397260500.0,18.08184,1
1397260800.0,21.814228,1
1397261100.0,21.379265,1
1397261400.0,19.04218,1
1397261700.0,20.465836,1
1397262000.0,21.692957,1
1397262300.0,18.384045,1
1397262600.0,20.012117,1
1397262900.0,19.824972,1
1397263200.0,19.64082,1
1397263500.0,21.342354,1
1397263800.0,19.522585,1
1397264100.0,18.254654,1
1397264400.0,18.263351,1
1397264700.0,18.170979,1
1397265000.0,19.636581,1
1397265300.0,20.873625,1
1397265600.0,18.81489,1
1397265900.0,20.585875,1
1397266200.0,20.748354,1
1397266500.0,19.02081,1
1397266800.0,20.402231,1
1397267100.0,20.739473,1
1397267400.0,19.866455,0
1397267700.0,19.346867,0
1397268000.0,20.476606,0
1397268300.0,21.911388,0
1397268600.0,19.707365,0
1397268900.0,19.56694,0
1397269200.0,19.857067,0
1397269500.0,18.304874,0
1397269800.0,20.212652,0
1397270100.0,19.314789,0
1397270400.0,18.48569,0
1397270700.0,19.865026,0
1397271000.0,18.013536,0
1397271300.0,19.607141,0
1397271600.0,18.422941,0
1397271900.0,18.09717,0
1397272200.0,21.2979,0
1397272500.0,21.664995,0
1397272800.0,18.830698,0
1397273100.0,20.157192,0
1397273400.0,19.111834,0
1397273700.0,19.97431,0
1397274000.0,19.746525,0
1397274300.0,19.076204,0
1397274600.0,20.801575,0
1397274900.0,18.505964,0
1397275200.0,18.212292,0
1397275500.0,21.070702,0
1397275800.0,20.66372,0
1397276100.0,19.994104,0
1397276400.0,19.871159,0
1397276700.0,19.989645,0
1397277000.0,19.748096,0
1397277300.0,19.57157,0
1397277600.0,19.998762,0
1397277900.0,20.114061,0
1397278200.0,20.767609,0
1397278500.0,20.84483,0
1397278800.0,19.510517,0
1397279100.0,19.654161,0
1397279400.0,19.49479,0
1397279700.0,20.146143,0
1397280000.0,19.813414,0
1397280300.0,21.558386,0
1397280600.0,20.785444,0
1397280900.0,21.594625,0
1397281200.0,20.836548,0
1397281500.0,21.883968,0
1397281800.0,20.542948,0
1397282100.0,21.8542,0
1397282400.0,18.632679,0
1397282700.0,18.209911,0
1397283000.0,20.316502,0
1397283300.0,21.933973,0
1397283600.0,19.670422,0
1397283900.0,18.848173,0
1397284200.0,20.086166,0
1397284500.0,20.595194,0
1397284800.0,19.260715,0
1397285100.0,20.859077,0
1397285400.0,21.900457,0
1397285700.0,21.587852,0
1397286000.0,19.166342,0
1397286300.0,19.306894,0
1397286600.0,19.486164,0
1397286900.0,19.57821,0
1397287200.0,18.401278,0
1397287500.0,21.047852,0
1397287800.0,19.461357,0
1397288100.0,21.51928,0
1397288400.0,21.707762,0
1397288700.0,18.097725,0
1397289000.0,21.954012,0
1397289300.0,20.840092,0
1397289600.0,20.08157,0
1397289900.0,19.558111,0
1397290200.0,20.074072,0
1397290500.0,19.298498,0
1397290800.0,20.490751,0
1397291100.0,18.371922,0
1397291400.0,20.484491,0
1397291700.0,19.10138,0
1397292000.0,18.07054,0
1397292300.0,20.210823,0
1397292600.0,20.313791,0
1397292900.0,19.706276,0
1397293200.0,62.183094,0
1397293500.0,73.349464,0
1397293800.0,69.51546,0
1397294100.0,62.7737,0
1397294400.0,68.14866,0
1397294700.0,67.96266,0
1397295000.0,62.021465,0
1397295300.0,69.45329,0
1397295600.0,72.19324,0
1397295900.0,71.38651,0
1397296200.0,63.960384,0
1397296500.0,72.92718,0
1397296800.0,75.15626,0
1397297100.0,84.52981,0
1397297400.0,70.95353,0
1397297700.0,77.385956,0
1397298000.0,79.10737,0
1397298300.0,73.68353,0
1397298600.0,81.81182,0
1397298900.0,79.56942,0
1397299200.0,70.121056,0
1397299500.0,79.28188,0
1397299800.0,77.46774,0
1397300100.0,72.88237,0
1397300400.0,87.40438,0
1397300700.0,85.836464,0
1397301000.0,76.22004,0
1397301300.0,80.173195,0
1397301600.0,76.60165,0
1397301900.0,83.90148,0
1397302200.0,86.36399,0
1397302500.0,77.27481,0
1397302800.0,84.38001,0
1397303100.0,79.494675,0
1397303400.0,77.87518,0
1397303700.0,86.49266,0
1397304000.0,80.070274,0
1397304300.0,79.383194,0
1397304600.0,82.65964,0
1397304900.0,76.08833,0
1397305200.0,77.10405,0
1397305500.0,86.80844,0
1397305800.0,82.75705,0
1397306100.0,85.123924,0
1397306400.0,76.246185,0
1397306700.0,80.603806,0
1397307000.0,87.43729,0
1397307300.0,77.006744,0
1397307600.0,74.54973,0
1397307900.0,80.15494,0
1397308200.0,78.18637,0
1397308500.0,74.53534,0
1397308800.0,86.19613,0
1397309100.0,87.8305,0
1397309400.0,81.07785,0
1397309700.0,84.37457,0
1397310000.0,85.72404,0
1397310300.0,83.19574,0
1397310600.0,72.68905,0
1397310900.0,74.504265,0
1397311200.0,73.13232,0
1397311500.0,72.15461,0
1397311800.0,76.89225,0
1397312100.0,78.27394,0
1397312400.0,75.85284,0
1397312700.0,73.03017,0
1397313000.0,80.473946,0
1397313300.0,76.369446,0
1397313600.0,84.73253,0
1397313900.0,72.12538,0
1397314200.0,85.476326,0
1397314500.0,87.271866,0
1397314800.0,83.45736,0
1397315100.0,83.7375,0
1397315400.0,86.936165,0
1397315700.0,75.34441,0
1397316000.0,87.91221,0
1397316300.0,84.374886,0
1397316600.0,83.62433,0
1397316900.0,77.7767,0
1397317200.0,80.73167,0
1397317500.0,82.46189,0
1397317800.0,81.9247,0
1397318100.0,83.27895,0
1397318400.0,73.31797,0
1397318700.0,77.69022,0
1397319000.0,78.94385,0
1397319300.0,76.16992,0
1397319600.0,74.761894,0
1397319900.0,74.222694,0
1397320200.0,77.861984,0
1397320500.0,79.89491,0
1397320800.0,73.007484,0
1397321100.0,87.143166,0
1397321400.0,84.24373,0
1397321700.0,83.69347,0
1397322000.0,74.76574,0
1397322300.0,81.66078,0
1397322600.0,80.47557,0
1397322900.0,87.71947,0
1397323200.0,83.962715,0
1397323500.0,81.21216,0
1397323800.0,85.61297,0
1397324100.0,74.48148,0
1397324400.0,72.24344,0
1397324700.0,83.0437,0
1397325000.0,73.57295,0
1397325300.0,73.84691,0
1397325600.0,33.56595,0
1397325900.0,30.531418,0
1397326200.0,32.823235,0
1397326500.0,34.6714,0
1397326800.0,30.825432,0
1397327100.0,30.189716,0
1397327400.0,29.481997,0
1397327700.0,29.634953,0
1397328000.0,29.19822,0
1397328300.0,29.360905,0
1397328600.0,31.564823,0
1397328900.0,30.85353,0
1397329200.0,23.325392,0
1397329500.0,24.058681,0
1397329800.0,23.675783,0
1397330100.0,22.537254,0
1397330400.0,20.61894,0
1397330700.0,23.339756,0
1397331000.0,21.785471,0
1397331300.0,20.543713,0
1397331600.0,23.934248,0
1397331900.0,21.675209,0
1397332200.0,21.137754,0
1397332500.0,24.064104,0
1397332800.0,22.12714,0
1397333100.0,19.820425,0
1397333400.0,19.885267,0
1397333700.0,20.806158,0
1397334000.0,21.436176,0
1397334300.0,18.690659,0
1397334600.0,20.862335,0
1397334900.0,22.334751,0
1397335200.0,19.505537,0
1397335500.0,22.154556,0
1397335800.0,22.323889,0
1397336100.0,19.534452,0
1397336400.0,21.117687,0
1397336700.0,19.046085,0
1397337000.0,21.051006,0
1397337300.0,21.29139,0
1397337600.0,19.07997,0
1397337900.0,20.963623,0
1397338200.0,21.35041,0
1397338500.0,19.5276,0
1397338800.0,18.760431,0
1397339100.0,18.456024,0
1397339400.0,20.398973,0
1397339700.0,22.017572,0
1397340000.0,21.31224,0
1397340300.0,19.762312,0
1397340600.0,20.165825,0
1397340900.0,19.136465,0
1397341200.0,18.67017,0
1397341500.0,19.947456,0
1397341800.0,19.873066,0
1397342100.0,20.107004,0
1397342400.0,21.832157,0
1397342700.0,20.43518,0
1397343000.0,20.442694,0
1397343300.0,18.529871,0
1397343600.0,21.990177,0
1397343900.0,21.095428,0
1397344200.0,21.512943,0
1397344500.0,19.660976,0
1397344800.0,20.012354,0
1397345100.0,20.092192,0
1397345400.0,18.779984,0
1397345700.0,20.761942,0
1397346000.0,21.616056,0
1397346300.0,18.658405,0
1397346600.0,18.348795,0
1397346900.0,20.956898,0
1397347200.0,19.092808,0
1397347500.0,20.495451,0
1397347800.0,20.783033,0
1397348100.0,19.287643,0
1397348400.0,21.260578,0
1397348700.0,20.199955,0
1397349000.0,21.475998,0
1397349300.0,21.053175,0
1397349600.0,21.474302,0
1397349900.0,18.080645,0
1397350200.0,18.974026,0
1397350500.0,18.360031,0
1397350800.0,19.768332,0
1397351100.0,21.559841,0
1397351400.0,19.870161,0
1397351700.0,21.398851,0
1397352000.0,19.308712,0
1397352300.0,19.35828,0
1397352600.0,21.582247,0
1397352900.0,19.703268,0
1397353200.0,21.159061,0
1397353500.0,18.946573,0
1397353800.0,21.795204,0
1397354100.0,20.298313,0
1397354400.0,21.037294,0
1397354700.0,18.358063,0
1397355000.0,19.970657,0
1397355300.0,21.604155,0
1397355600.0,21.508154,0
1397355900.0,18.187256,0
1397356200.0,19.214794,0
1397356500.0,19.77328,0
1397356800.0,18.689058,0
1397357100.0,20.919992,0
1397357400.0,18.738049,0
1397357700.0,19.386559,0
1397358000.0,20.653122,0
1397358300.0,19.928358,0
1397358600.0,20.954285,0
1397358900.0,21.844831,0
1397359200.0,18.466187,0
1397359500.0,20.83827,0
1397359800.0,18.921377,0
1397360100.0,19.657907,0
1397360400.0,18.13145,0
1397360700.0,18.543629,0
1397361000.0,19.27911,0
1397361300.0,19.367943,0
1397361600.0,21.598341,0
1397361900.0,20.96725,0
1397362200.0,21.888731,0
1397362500.0,20.396286,0
1397362800.0,18.966854,0
1397363100.0,19.31062,0
1397363400.0,19.279345,0
1397363700.0,19.305977,0
1397364000.0,20.691856,0
1397364300.0,20.123232,0
1397364600.0,19.541697,0
1397364900.0,18.59636,0
1397365200.0,18.088556,0
1397365500.0,18.87534,0
1397365800.0,18.429886,0
1397366100.0,21.14178,0
1397366400.0,18.449991,0
1397366700.0,20.896914,0
1397367000.0,19.542635,0
1397367300.0,18.293514,0
1397367600.0,21.25092,0
1397367900.0,20.318521,0
1397368200.0,18.943047,0
1397368500.0,21.578724,0
1397368800.0,18.181034,0
1397369100.0,18.807278,0
1397369400.0,21.008188,0
1397369700.0,20.837511,0
1397370000.0,19.157087,0
1397370300.0,18.2481,0
1397370600.0,21.432312,0
1397370900.0,19.254791,0
1397371200.0,18.782854,0
1397371500.0,20.064247,0
1397371800.0,21.64091,0
1397372100.0,18.174187,0
1397372400.0,21.063217,0
1397372700.0,20.289892,0
1397373000.0,19.701796,0
1397373300.0,20.976322,0
1397373600.0,21.863298,0
1397373900.0,18.916824,0
1397374200.0,18.574589,0
1397374500.0,21.651527,0
1397374800.0,20.675812,0
1397375100.0,19.751944,0
1397375400.0,20.293037,0
1397375700.0,20.982456,0
1397376000.0,21.092127,0
1397376300.0,21.679577,0
1397376600.0,19.70737,0
1397376900.0,19.173643,0
1397377200.0,20.558657,0
1397377500.0,19.662912,0
1397377800.0,20.378393,0
1397378100.0,19.679943,0
1397378400.0,18.611982,0
1397378700.0,19.877707,0
1397379000.0,20.763672,0
1397379300.0,21.197136,0
1397379600.0,67.90924,0
1397379900.0,63.447235,0
1397380200.0,66.83975,0
1397380500.0,71.8936,0
1397380800.0,66.81489,0
1397381100.0,70.67282,0
1397381400.0,68.09811,0
1397381700.0,64.48064,0
1397382000.0,72.02765,0
1397382300.0,62.345303,0
1397382600.0,68.33851,0
1397382900.0,64.04092,0
1397383200.0,70.88086,0
1397383500.0,77.64554,0
1397383800.0,77.59321,0
1397384100.0,80.811104,0
1397384400.0,81.39853,0
1397384700.0,81.13532,0
1397385000.0,76.19635,0
1397385300.0,79.64382,0
1397385600.0,78.79419,0
1397385900.0,76.38264,0
1397386200.0,79.10874,0
1397386500.0,84.54129,0
1397386800.0,74.63578,0
1397387100.0,85.9734,0
1397387400.0,72.41816,0
1397387700.0,76.472626,0
1397388000.0,76.150665,0
1397388300.0,81.52971,0
1397388600.0,73.655,0
1397388900.0,85.60085,0
1397389200.0,84.745285,0
1397389500.0,81.93845,0
1397389800.0,78.85861,0
1397390100.0,86.40573,0
1397390400.0,85.1896,0
1397390700.0,79.89306,0
1397391000.0,83.1301,0
1397391300.0,80.973595,0
1397391600.0,81.30939,0
1397391900.0,77.202866,0
1397392200.0,79.29808,0
1397392500.0,73.16204,0
1397392800.0,77.62432,0
1397393100.0,83.03349,0
1397393400.0,87.14675,0
1397393700.0,87.30414,0
1397394000.0,80.872154,0
1397394300.0,81.68635,0
1397394600.0,74.953545,0
1397394900.0,83.10498,0
1397395200.0,73.11299,0
1397395500.0,76.5366,0
1397395800.0,82.673965,0
1397396100.0,76.94649,0
1397396400.0,72.780075,0
1397396700.0,85.28945,0
1397397000.0,76.94681,0
1397397300.0,72.992165,0
1397397600.0,73.1931,0
1397397900.0,76.02449,0
1397398200.0,74.844666,0
1397398500.0,84.38475,0
1397398800.0,77.14324,0
1397399100.0,84.871056,0
1397399400.0,74.77795,0
1397399700.0,79.88223,0
1397400000.0,83.00461,0
1397400300.0,82.427895,0
1397400600.0,81.61415,0
1397400900.0,86.79298,0
1397401200.0,75.65568,0
1397401500.0,79.89874,0
1397401800.0,86.14305,0
1397402100.0,73.2456,0
1397402400.0,72.89351,0
1397402700.0,75.73211,0
1397403000.0,82.12755,0
1397403300.0,76.15734,0
1397403600.0,75.04312,0
1397403900.0,79.34007,0
1397404200.0,81.81678,0
1397404500.0,75.9762,0
1397404800.0,76.81091,0
1397405100.0,81.816795,0
1397405400.0,87.131645,0
1397405700.0,82.79571,0
1397406000.0,84.526306,0
1397406300.0,77.86881,0
1397406600.0,76.35593,0
1397406900.0,79.268135,0
1397407200.0,84.91396,0
1397407500.0,79.300644,0
1397407800.0,85.54744,0
1397408100.0,87.82018,0
1397408400.0,73.1524,0
1397408700.0,72.72653,0
1397409000.0,74.39341,0
1397409300.0,78.14989,0
1397409600.0,74.09665,0
1397409900.0,85.930595,0
1397410200.0,72.370316,0
1397410500.0,77.05265,0
1397410800.0,74.955086,0
1397411100.0,86.904594,0
1397411400.0,82.71166,0
1397411700.0,86.59245,0
1397412000.0,35.022896,0
1397412300.0,31.981422,0
1397412600.0,30.299637,0
1397412900.0,30.039858,0
1397413200.0,30.226675,0
1397413500.0,33.33499,0
1397413800.0,29.058847,0
1397414100.0,29.128706,0
1397414400.0,32.69211,0
1397414700.0,32.90916,0
1397415000.0,33.05768,0
1397415300.0,31.180029,0
1397415600.0,23.770632,0
1397415900.0,22.550636,0
1397416200.0,20.632484,0
1397416500.0,23.731003,0
1397416800.0,24.429743,0
1397417100.0,20.42896,0
1397417400.0,21.913252,0
1397417700.0,22.34407,0
1397418000.0,20.816189,0
1397418300.0,24.047335,0
1397418600.0,21.43299,0
1397418900.0,23.667877,0
1397419200.0,21.180393,0
1397419500.0,20.881596,0
1397419800.0,19.219017,0
1397420100.0,19.336,0
1397420400.0,18.625938,0
1397420700.0,19.417957,0
1397421000.0,19.846937,0
1397421300.0,21.844563,0
1397421600.0,19.932745,0
1397421900.0,21.52293,0
1397422200.0,20.231955,0
1397422500.0,21.64682,0
1397422800.0,22.010231,0
1397423100.0,19.050371,0
1397423400.0,21.552324,0
1397423700.0,20.585636,0
1397424000.0,21.37127,0
1397424300.0,20.705254,0
1397424600.0,19.790339,0
1397424900.0,19.003078,0
1397425200.0,18.367886,0
1397425500.0,20.238756,0
1397425800.0,22.06672,0
1397426100.0,21.052738,0
1397426400.0,19.327919,0
1397426700.0,21.329275,0
1397427000.0,21.096169,0
1397427300.0,19.144905,0
1397427600.0,18.074564,0
1397427900.0,18.490385,0
1397428200.0,21.529873,0
1397428500.0,21.366745,0
1397428800.0,19.19925,0
1397429100.0,19.159157,0
1397429400.0,21.191784,0
1397429700.0,21.771832,0
1397430000.0,21.120604,0
1397430300.0,20.426235,0
1397430600.0,18.974327,0
1397430900.0,20.106852,0
1397431200.0,18.937683,0
1397431500.0,21.236122,0
1397431800.0,19.551598,0
1397432100.0,21.338884,0
1397432400.0,19.530186,0
1397432700.0,21.300686,0
1397433000.0,19.336983,0
1397433300.0,19.764324,0
1397433600.0,20.461954,0
1397433900.0,18.28115,0
1397434200.0,21.792828,0
1397434500.0,20.294424,0
1397434800.0,20.03128,0
1397435100.0,21.357576,0
1397435400.0,21.46305,0
1397435700.0,20.08904,0
1397436000.0,21.70905,0
1397436300.0,18.258951,0
1397436600.0,18.452904,0
1397436900.0,20.387154,0
1397437200.0,19.416264,0
1397437500.0,19.856901,0
1397437800.0,19.312317,0
1397438100.0,19.6189,0
1397438400.0,21.290585,0
1397438700.0,20.373905,0
1397439000.0,21.989378,0
1397439300.0,21.147516,0
1397439600.0,19.094666,0
1397439900.0,19.05738,0
1397440200.0,19.343594,0
1397440500.0,21.373037,0
1397440800.0,18.10915,0
1397441100.0,18.920725,0
1397441400.0,21.619673,0
1397441700.0,20.559586,0
1397442000.0,18.907389,0
1397442300.0,18.87658,0
1397442600.0,21.450472,0
1397442900.0,21.57503,0
1397443200.0,19.024525,0
1397443500.0,19.682041,0
1397443800.0,21.338383,0
1397444100.0,21.08403,0
1397444400.0,21.255665,0
1397444700.0,20.073593,0
1397445000.0,21.646196,0
1397445300.0,19.303806,0
1397445600.0,18.626688,0
1397445900.0,20.834929,0
1397446200.0,20.157417,0
1397446500.0,21.418343,0
1397446800.0,18.324636,0
1397447100.0,21.37477,0
1397447400.0,19.173178,0
1397447700.0,20.619423,0
1397448000.0,18.160515,0
1397448300.0,20.438326,0
1397448600.0,20.869087,0
1397448900.0,19.475,0
1397449200.0,18.861643,0
1397449500.0,20.150522,0
1397449800.0,21.332764,0
1397450100.0,19.29419,0
1397450400.0,19.009876,0
1397450700.0,19.115742,0
1397451000.0,21.796528,0
1397451300.0,19.437107,0
1397451600.0,18.014418,0
1397451900.0,21.126724,0
1397452200.0,20.7971,0
1397452500.0,18.514273,0
1397452800.0,21.939617,0
1397453100.0,20.43225,0
1397453400.0,20.003119,0
1397453700.0,19.528877,0
1397454000.0,21.59469,0
1397454300.0,18.975855,0
1397454600.0,19.143076,0
1397454900.0,18.489643,0
1397455200.0,21.036476,0
1397455500.0,20.382196,0
1397455800.0,20.436264,0
1397456100.0,18.873882,0
1397456400.0,20.604673,0
1397456700.0,21.061834,0
1397457000.0,19.431555,0
1397457300.0,21.205389,0
1397457600.0,19.395163,0
1397457900.0,21.032555,0
1397458200.0,18.13492,0
1397458500.0,20.204659,0
1397458800.0,21.878107,0
1397459100.0,21.924978,0
1397459400.0,19.12701,0
1397459700.0,19.765596,0
1397460000.0,18.251911,0
1397460300.0,21.493364,0
1397460600.0,20.274288,0
1397460900.0,19.540403,0
1397461200.0,18.451082,0
1397461500.0,21.78707,0
1397461800.0,20.120876,0
1397462100.0,19.131712,0
1397462400.0,19.40086,0
1397462700.0,19.082788,0
1397463000.0,20.40724,0
1397463300.0,21.719854,0
1397463600.0,21.426775,0
1397463900.0,19.841524,0
1397464200.0,21.305998,0
1397464500.0,19.692423,0
1397464800.0,19.009228,0
1397465100.0,21.93366,0
1397465400.0,19.21555,0
1397465700.0,19.294897,0
1397466000.0,74.65982,0
1397466300.0,63.021416,0
1397466600.0,71.54326,0
1397466900.0,73.927055,0
1397467200.0,68.160416,0
1397467500.0,61.234295,0
1397467800.0,66.300804,0
1397468100.0,62.71734,0
1397468400.0,66.86015,0
1397468700.0,71.94437,0
1397469000.0,67.16647,0
1397469300.0,67.07418,0
1397469600.0,78.48137,0
1397469900.0,78.867836,0
1397470200.0,83.129715,0
1397470500.0,74.62568,0
1397470800.0,82.59234,0
1397471100.0,78.62329,0
1397471400.0,74.50422,0
1397471700.0,74.42036,0
1397472000.0,75.444855,0
1397472300.0,79.504196,0
1397472600.0,73.422195,0
1397472900.0,84.12357,0
1397473200.0,80.71141,0
1397473500.0,86.19993,0
1397473800.0,72.306015,0
1397474100.0,77.01689,0
1397474400.0,71.93073,0
1397474700.0,75.897896,0
1397475000.0,85.27735,0
1397475300.0,72.15024,0
1397475600.0,78.504486,0
1397475900.0,73.43779,0
1397476200.0,78.19743,0
1397476500.0,84.909096,0
1397476800.0,81.87077,0
1397477100.0,83.68755,0
1397477400.0,77.49256,0
1397477700.0,87.00583,0
1397478000.0,83.24818,0
1397478300.0,78.65428,0
1397478600.0,78.72885,0
1397478900.0,86.59491,0
1397479200.0,81.12501,0
1397479500.0,83.2021,0
1397479800.0,78.578156,0
1397480100.0,75.48839,0
1397480400.0,83.55689,0
1397480700.0,81.70557,0
1397481000.0,80.00228,0
1397481300.0,81.96466,0
1397481600.0,75.31449,0
1397481900.0,84.68269,0
1397482200.0,87.14968,0
1397482500.0,86.236946,0
1397482800.0,77.12446,0
1397483100.0,78.47726,0
1397483400.0,84.914055,0
1397483700.0,81.50231,0
1397484000.0,80.76276,0
1397484300.0,86.822105,0
1397484600.0,80.57253,0
1397484900.0,80.23517,0
1397485200.0,72.66881,0
1397485500.0,73.10716,0
1397485800.0,72.115265,0
1397486100.0,86.60775,0
1397486400.0,78.53042,0
1397486700.0,79.493164,0
1397487000.0,85.52209,0
1397487300.0,81.74402,0
1397487600.0,81.75124,0
1397487900.0,76.74381,0
1397488200.0,85.34171,0
1397488500.0,74.652565,0
1397488800.0,72.84969,0
1397489100.0,75.06493,0
1397489400.0,76.283066,0
1397489700.0,76.51624,0
1397490000.0,82.727425,0
1397490300.0,75.48447,0
1397490600.0,82.82574,0
1397490900.0,73.45741,0
1397491200.0,74.355095,0
1397491500.0,80.14099,0
1397491800.0,86.75017,0
1397492100.0,85.752914,0
1397492400.0,87.499886,0
1397492700.0,82.40751,0
1397493000.0,82.81288,0
1397493300.0,82.00021,0
1397493600.0,81.96494,0
1397493900.0,74.35378,0
1397494200.0,80.69967,0
1397494500.0,78.17693,0
1397494800.0,79.08057,0
1397495100.0,80.37758,0
1397495400.0,74.05431,0
1397495700.0,77.75178,0
1397496000.0,73.01517,0
1397496300.0,87.67466,0
1397496600.0,73.89642,0
1397496900.0,76.13637,0
1397497200.0,86.26065,0
1397497500.0,79.72333,0
1397497800.0,74.170166,0
1397498100.0,78.14766,0
1397498400.0,29.54155,0
1397498700.0,30.081377,0
1397499000.0,29.132986,0
1397499300.0,31.60465,0
1397499600.0,33.962463,0
1397499900.0,32.550198,0
1397500200.0,32.680603,0
1397500500.0,30.083733,0
1397500800.0,31.000916,0
1397501100.0,34.20954,0
1397501400.0,29.362274,0
1397501700.0,34.29075,0
1397502000.0,22.326931,0
1397502300.0,23.91042,0
1397502600.0,21.584667,0
1397502900.0,21.678015,0
1397503200.0,23.52719,0
1397503500.0,23.67678,0
1397503800.0,21.188807,0
1397504100.0,24.518463,0
1397504400.0,20.538515,0
1397504700.0,20.466892,0
1397505000.0,22.827858,0
1397505300.0,23.397877,0
1397505600.0,22.36779,0
1397505900.0,20.090658,0
1397506200.0,18.535593,0
1397506500.0,20.901463,0
1397506800.0,19.618595,0
1397507100.0,20.20535,0
1397507400.0,20.432772,0
1397507700.0,18.696243,0
1397508000.0,20.42258,0
1397508300.0,20.178205,0
1397508600.0,21.35058,0
1397508900.0,21.076647,0
1397509200.0,18.830818,0
1397509500.0,18.914913,0
1397509800.0,19.095243,0
1397510100.0,18.805637,0
1397510400.0,20.72787,0
1397510700.0,22.083214,0
1397511000.0,20.707354,0
1397511300.0,20.524775,0
1397511600.0,19.733982,0
1397511900.0,19.342722,0
1397512200.0,21.748188,0
1397512500.0,21.981012,0
1397512800.0,20.006292,0
1397513100.0,19.179195,0
1397513400.0,21.100725,0
1397513700.0,18.547615,0
1397514000.0,21.082573,0
1397514300.0,21.296219,0
1397514600.0,18.517376,0
1397514900.0,21.928476,0
1397515200.0,21.963114,0
1397515500.0,21.767756,0
1397515800.0,20.003325,0
1397516100.0,19.002522,0
1397516400.0,20.33194,0
1397516700.0,19.683514,0
1397517000.0,18.827408,0
1397517300.0,19.698486,0
1397517600.0,20.659525,0
1397517900.0,18.287163,0
1397518200.0,19.337383,0
1397518500.0,18.07465,0
1397518800.0,21.002014,0
1397519100.0,20.566713,0
1397519400.0,18.254192,0
1397519700.0,21.863148,0
